Date,GARCH,RandomForest,GradientBoosting,LSTM,GRU
2024-04-29 04:00:00+00:00,0.006741633485911871,0.00670268645389705,0.006571135633998452,0.006661962837239696,0.007352014460106625
2024-04-30 04:00:00+00:00,0.005591497833109479,0.006265752496566547,0.006054005212975672,0.006642282699416133,0.007317857621397876
2024-05-01 04:00:00+00:00,0.006097095370839371,0.0064503227774393825,0.0062645450205693525,0.00632601787509885,0.007457286762744232
2024-05-02 04:00:00+00:00,0.006238961816469565,0.006375415831280102,0.006285835356242961,0.006194904607244432,0.007367201205877083
2024-05-03 04:00:00+00:00,0.005968652500496366,0.006178604628303271,0.006176768321749309,0.006239747569537275,0.007065756718134687
2024-05-06 04:00:00+00:00,0.0059765468202379705,0.006232465747175209,0.00630747518277713,0.0063652131579039215,0.006890929674156401
2024-05-07 04:00:00+00:00,0.0063643616770675815,0.006254639192824608,0.006337662706612376,0.006454152945649228,0.006755522295258822
2024-05-08 04:00:00+00:00,0.006598347866046252,0.006120308424687739,0.006239849863018113,0.006448489496743352,0.00662270369779696
2024-05-09 04:00:00+00:00,0.00674276984075965,0.006375025487636453,0.006307949888156301,0.006470470871407888,0.006645423388593538
2024-05-10 04:00:00+00:00,0.006508527031193561,0.005863696798225233,0.005782891322323679,0.006110260837120862,0.006274537857595177
2024-05-13 04:00:00+00:00,0.006326174871511791,0.006053462020752089,0.006020192427121602,0.0058049982526509536,0.006049465923950678
2024-05-14 04:00:00+00:00,0.006696079207786817,0.0065783765623817145,0.006496841974873006,0.006137479651276205,0.00656116358513721
2024-05-15 04:00:00+00:00,0.005989323321302224,0.006309771583629693,0.006239176963732631,0.006235915234665295,0.006745380017080087
2024-05-16 04:00:00+00:00,0.00616228859732873,0.006335978497048934,0.006395640884783216,0.006407829323759704,0.006922291657680788
2024-05-17 04:00:00+00:00,0.006028246452748526,0.005991513413381717,0.005997444246808009,0.0059357144781925315,0.006700034473522154
2024-05-20 04:00:00+00:00,0.006162518485339341,0.00628713047835359,0.0063214513141483545,0.00583362318205819,0.00677253393157549
2024-05-21 04:00:00+00:00,0.0061438488842486426,0.006236079681281811,0.006490698887997874,0.0057893015464000035,0.006748779800410508
2024-05-22 04:00:00+00:00,0.006520740666465604,0.0066597670121954335,0.006798431948105991,0.0064042975079627844,0.0072900781978725805
2024-05-23 04:00:00+00:00,0.006051786860594589,0.006325211316363621,0.006332116325480175,0.006759137730494605,0.007538756162969556
2024-05-24 04:00:00+00:00,0.005797969316599593,0.00624307226505125,0.006579251671115457,0.006605451975800673,0.007498406641765275
2024-05-28 04:00:00+00:00,0.006291344281975746,0.006658551738894098,0.006847483349775615,0.007318344069807336,0.00781761891029387
2024-05-29 04:00:00+00:00,0.005111871268636158,0.005459854609056505,0.005700126101376914,0.006504947118748548,0.006693803253439897
2024-05-30 04:00:00+00:00,0.005039420543100804,0.006227780640471471,0.006396836664067373,0.00625471172460373,0.0066844971369955574
2024-05-31 04:00:00+00:00,0.004795025076906171,0.0059124267467290225,0.005853098181840592,0.005807619763641951,0.006382942335459299
2024-06-03 04:00:00+00:00,0.004539725574386422,0.00544551218784058,0.005466562887810277,0.005631442857508903,0.0056652024096244
2024-06-04 04:00:00+00:00,0.004842129528151594,0.006334204446679525,0.005973315477635201,0.006078736392564767,0.0057988429235146825
2024-06-05 04:00:00+00:00,0.004371361266395378,0.006199032087625891,0.006037017209376963,0.006264726076567036,0.005878827106997301
2024-06-06 04:00:00+00:00,0.0045884168129135105,0.006273479124103298,0.006192949248627763,0.0064980122229076395,0.005899948965166241
2024-06-07 04:00:00+00:00,0.004704847085217634,0.0060229694782468245,0.0058660500539577136,0.006372588083540158,0.0059002783688756975
2024-06-10 04:00:00+00:00,0.004872907284740846,0.006336347570958402,0.0061099983280121315,0.0062172023611477235,0.005987619132845239
2024-06-11 04:00:00+00:00,0.005209670003630439,0.006699131815603619,0.00642330402902936,0.0063933036778512,0.006305608531034573
2024-06-12 04:00:00+00:00,0.00493119662533477,0.0061269614138209924,0.0062838427277818265,0.006321468113900253,0.006348487514857996
2024-06-13 04:00:00+00:00,0.004632167007102879,0.005639172929700353,0.005793382172978466,0.005908651575139218,0.0058428133794452275
2024-06-14 04:00:00+00:00,0.004902074064967184,0.006349085105647824,0.006163833629932802,0.006158859889183977,0.006159486643332048
2024-06-17 04:00:00+00:00,0.004734487549033198,0.006264115244331187,0.006100430131804796,0.006165835087804373,0.00639324896021812
2024-06-18 04:00:00+00:00,0.004946987754861832,0.006365432611767077,0.00605641302398319,0.006410330074048145,0.006663397831140935
2024-06-20 04:00:00+00:00,0.005034575133856421,0.006405859971039472,0.005989610637772221,0.0065073885484974526,0.00688949632630398
2024-06-21 04:00:00+00:00,0.0051372507993396686,0.006424920126282738,0.006103064459097937,0.006438150880477744,0.007082955437003237
2024-06-24 04:00:00+00:00,0.004775396146685589,0.005973211924798283,0.006320603292302857,0.005951541696220036,0.006715878419451677
2024-06-25 04:00:00+00:00,0.004679291980211771,0.006034901033145642,0.005941383307231479,0.005736507219618066,0.006576810418781011
2024-06-26 04:00:00+00:00,0.0047773293159999895,0.0064050222690428624,0.005975440104513384,0.006037589564606985,0.006580373018962779
2024-06-27 04:00:00+00:00,0.0045936319454796416,0.006033615595838922,0.0052140752274964924,0.0060040886383085496,0.0062845063206710995
2024-06-28 04:00:00+00:00,0.004110682521432005,0.00555987899177579,0.005036035309804692,0.005794354584433792,0.005885638889388823
2024-07-01 04:00:00+00:00,0.004057634909308735,0.005918595723425035,0.005243568489473841,0.005662256570563097,0.005884248480197586
2024-07-02 04:00:00+00:00,0.0040023864419058315,0.006051411532805867,0.005030248391354762,0.0059702436365897905,0.006050568438935972
2024-07-03 04:00:00+00:00,0.004039461627256403,0.006090648567185233,0.005403690429103719,0.00638670493448337,0.006165628153717727
2024-07-05 04:00:00+00:00,0.0034023167611289783,0.005166143537181319,0.004530110724964913,0.005612791263080097,0.005294226401807687
2024-07-08 04:00:00+00:00,0.0034607791759166807,0.006034186286859696,0.0037986247215557717,0.005686640197852708,0.005310543411157539
2024-07-09 04:00:00+00:00,0.0039045472347484403,0.006671844454159891,0.00442818233628467,0.006395146285018115,0.006041683493831416
2024-07-10 04:00:00+00:00,0.004183739758833838,0.007351686454627785,0.005386929534805301,0.007695170153515257,0.007442476691811415
2024-07-11 04:00:00+00:00,0.0038973360399825988,0.006256896947400391,0.005449135573723953,0.007966563034482432,0.007553021896121285
2024-07-12 04:00:00+00:00,0.0037648937718539523,0.00593177470324881,0.004821298811295806,0.006472552317090916,0.006955584426631913
2024-07-15 04:00:00+00:00,0.004004200843328111,0.0061550951106878,0.004034534076466143,0.006223224524714007,0.006689937675173826
2024-07-16 04:00:00+00:00,0.005077938730759306,0.007741662308115726,0.0050794022507929795,0.007611670093906664,0.008071198520025417
2024-07-17 04:00:00+00:00,0.004284439308966503,0.006049432604642475,0.005679984333362868,0.0077420928834318545,0.007968971793868069
2024-07-18 04:00:00+00:00,0.004401308826503572,0.00627825289591593,0.0058242677329030336,0.006790711576532501,0.007658935236948644
2024-07-19 04:00:00+00:00,0.004687990978493333,0.006685971510297855,0.006162248435921756,0.006221201053548872,0.007485619916561813
2024-07-22 04:00:00+00:00,0.004579542675893107,0.006235301606275243,0.006221560905582006,0.0056395121267119605,0.006935712728692117
2024-07-23 04:00:00+00:00,0.006247443263963567,0.008069546313850205,0.008123664104766769,0.007619328464873249,0.008238196475821113
2024-07-24 04:00:00+00:00,0.004513836527456462,0.006195779561947587,0.0060412879429611235,0.007587028438158911,0.007886666365308792
2024-07-25 04:00:00+00:00,0.004993291511989498,0.006429796685254541,0.006292339773865539,0.006345603046814657,0.007752429629745552
2024-07-26 04:00:00+00:00,0.005079216416038043,0.006375138481432285,0.006008389857952163,0.005749221605208835,0.006863675117087825
2024-07-29 04:00:00+00:00,0.005473546157234577,0.006392643810370117,0.006200185382385733,0.005957864114688662,0.006169853276428527
2024-07-30 04:00:00+00:00,0.006152849356437422,0.006827230230850269,0.006505285584883857,0.00643384516149358,0.006279756185350801
2024-07-31 04:00:00+00:00,0.0059433927977960155,0.006626414120143692,0.006528307812368216,0.006535489761022393,0.006296711613635248
2024-08-01 04:00:00+00:00,0.006011267016962243,0.006761588686591589,0.006693410815641334,0.007145751346755021,0.0067188441053079575
2024-08-02 04:00:00+00:00,0.006203714586632667,0.006872800644501696,0.00683468255090091,0.007702834587920853,0.007284261546652445
2024-08-05 04:00:00+00:00,0.004959536926294463,0.006409073790627848,0.006281039348502686,0.007110820818904705,0.0068117484024610995
2024-08-06 04:00:00+00:00,0.0052825227738101145,0.006209607912298833,0.006182317801173049,0.0063445737527731815,0.005955897144617592
2024-08-07 04:00:00+00:00,0.006050715977269837,0.006670313385091489,0.006519645476889295,0.0066272792816894095,0.0059604227133277
2024-08-08 04:00:00+00:00,0.005659799216497718,0.0061509671622136,0.006088419478935788,0.006520579756296827,0.005690839986153108
2024-08-09 04:00:00+00:00,0.006089791243372303,0.0061024247618064395,0.00611263659494639,0.006443717544441388,0.005607786217128022
2024-08-12 04:00:00+00:00,0.00691665596588065,0.006466018770613462,0.006383779331402228,0.006532563664281521,0.0058134457864177985
2024-08-13 04:00:00+00:00,0.006746781277203255,0.006260513108349235,0.006253935000742702,0.006403918056057375,0.00567976222667162
2024-08-14 04:00:00+00:00,0.0074067597565860305,0.006386756745422703,0.006417107324226886,0.006395098929916636,0.005857231331391242
2024-08-15 04:00:00+00:00,0.007178267742819696,0.0063199783218237495,0.006342108451359693,0.0062886262918203815,0.005829029563710858
2024-08-16 04:00:00+00:00,0.007785587984286506,0.006350496290346492,0.006353855212264615,0.006273207718834854,0.0059994952015483185
2024-08-19 04:00:00+00:00,0.007957916451228978,0.006370419420878628,0.006350813438232021,0.00616556176181622,0.00597622576273343
2024-08-20 04:00:00+00:00,0.008529423347813262,0.006484050038304484,0.006453109967043503,0.006178707212998984,0.006271748764904531
2024-08-21 04:00:00+00:00,0.008463400061188823,0.006063614481480678,0.006132344395713313,0.005770477195656709,0.006043042016418318
2024-08-22 04:00:00+00:00,0.008495710459501614,0.006430053998033099,0.006427552329572232,0.005871487727690876,0.006397302015767763
2024-08-23 04:00:00+00:00,0.008328289179933428,0.006354554447960229,0.006696827328694677,0.005920748637466906,0.006496406015036223
2024-08-26 04:00:00+00:00,0.00878908831569912,0.00637714237319641,0.006465203889680209,0.006092543621178317,0.006870720198656759
2024-08-27 04:00:00+00:00,0.009370168222162632,0.006390697150199257,0.006608766505555404,0.006328229723580891,0.00707881537525923
2024-08-28 04:00:00+00:00,0.009203348782281382,0.006168967698668982,0.006421592551903576,0.006436285757109529,0.007085363022469512
2024-08-29 04:00:00+00:00,0.009494993699951933,0.0062440696952774,0.006366947163201727,0.00659981076329168,0.006969606887824835
2024-08-30 04:00:00+00:00,0.009426687921518339,0.006537086318148068,0.006725635901807538,0.007207552505061001,0.007346523895574444
2024-09-03 04:00:00+00:00,0.005731492147817179,0.005136098461746508,0.005198478562133873,0.006577788525280152,0.006326451656399098
2024-09-04 04:00:00+00:00,0.006105980157219744,0.005834664258762417,0.006015307493550957,0.006274976229058386,0.005922686928457095
2024-09-05 04:00:00+00:00,0.006927487691950841,0.0066331503450523695,0.0066157144309219925,0.006727853041411269,0.00615135888412133
2024-09-06 04:00:00+00:00,0.005567999868882754,0.005605272855144687,0.005699956158912962,0.006269978475908261,0.005574036349976305
2024-09-09 04:00:00+00:00,0.0056448497294276844,0.006031883821193077,0.0059711626378866406,0.0058188385421628006,0.005321530645340872
2024-09-10 04:00:00+00:00,0.006152745197181795,0.00617910635541799,0.006155917940886896,0.006156960501098871,0.005414216568160372
2024-09-11 04:00:00+00:00,0.005912146847589912,0.005590525952585884,0.005705508481904918,0.006160125481619367,0.00520650074550355
2024-09-12 04:00:00+00:00,0.006175073223395288,0.006309546031415802,0.006265868449879275,0.006439814727853578,0.005392522988548967
2024-09-13 04:00:00+00:00,0.006093071660713842,0.00594057059191439,0.005898393698291548,0.006047722571353464,0.005178700872234455
2024-09-16 04:00:00+00:00,0.006482478813099749,0.006258648360225766,0.00625493547182635,0.006229551329849854,0.005297535222280786
2024-09-17 04:00:00+00:00,0.006699043198927988,0.0061341135699306965,0.0061597865603929755,0.0061390128716302785,0.005364442459006063
2024-09-18 04:00:00+00:00,0.007532092137873005,0.006942987442616883,0.006749501192000453,0.006629310593797691,0.006236424400441156
2024-09-19 04:00:00+00:00,0.0063659186574513815,0.006373369816909705,0.006184640444706343,0.006439357157001272,0.006653851387246703
2024-09-20 04:00:00+00:00,0.006552609539809649,0.006233829665496176,0.006006750375457298,0.006174663306048475,0.006882175287640014
2024-09-23 04:00:00+00:00,0.00670659948785173,0.0061515988475021694,0.006081518434169751,0.00574161518469644,0.0068523800956525405
2024-09-24 04:00:00+00:00,0.0070433431926764135,0.0062595202553051045,0.006286890264340862,0.005655537208779246,0.0069672237571521516
2024-09-25 04:00:00+00:00,0.007359793652023905,0.006499512708637155,0.006349230666802423,0.005753593752646852,0.007128369738804579
2024-09-26 04:00:00+00:00,0.007507367541048928,0.006210636488533782,0.00605900781643349,0.005816423363325692,0.007133398909451001
2024-09-27 04:00:00+00:00,0.0077964809109689,0.006539527171606987,0.006482145212092382,0.006383233908032524,0.007430734409098852
2024-09-30 04:00:00+00:00,0.008046019234981387,0.006590232954797275,0.006545906640132786,0.006972133367497416,0.007821097132733271
2024-10-01 04:00:00+00:00,0.006042762142293769,0.0053517585894956345,0.005432160919741243,0.006286758683605623,0.006688305594535911
2024-10-02 04:00:00+00:00,0.006317891027377508,0.006312548041453081,0.0064527674011227625,0.006278004189753184,0.006846312783514573
2024-10-03 04:00:00+00:00,0.006605214790256195,0.0064499120394739,0.00669775757392931,0.006527472468635764,0.007025446277963675
2024-10-04 04:00:00+00:00,0.005572049329312447,0.005628254066127334,0.005696030614442823,0.005991981653387442,0.006286132436854934
2024-10-07 04:00:00+00:00,0.005050378887620704,0.0062174073422533735,0.006166239846382799,0.006299735783078826,0.006196882026182074
2024-10-08 04:00:00+00:00,0.0049792648155418,0.00628356233976836,0.006334697931606504,0.006188326772516755,0.006319135168353718
2024-10-09 04:00:00+00:00,0.004890790605887368,0.0060599962588109325,0.006118714069871269,0.0062142167224426195,0.006064166613818471
2024-10-10 04:00:00+00:00,0.005049609225400325,0.006163201024822014,0.00624281286823662,0.0063196129674295085,0.00597878141422477
2024-10-11 04:00:00+00:00,0.005213913617174045,0.006339940596614287,0.006452079636567904,0.006315701431162358,0.006038145102349716
2024-10-14 04:00:00+00:00,0.005469423409296132,0.006608197176678524,0.006804417344554858,0.006719937683692489,0.006374282232460812
2024-10-15 04:00:00+00:00,0.005314802683375098,0.006345291548384081,0.006429986899395206,0.00700356689668372,0.006502114440070914
2024-10-16 04:00:00+00:00,0.005439367853524842,0.006286331557875783,0.006479170169931103,0.006603522266270628,0.00645920203275093
2024-10-17 04:00:00+00:00,0.004865846417980862,0.005395994241445827,0.005508182583898506,0.005602952180351299,0.005540184848724052
2024-10-18 04:00:00+00:00,0.0050064268805083325,0.005940126182129755,0.0061959804806827196,0.005522962646263904,0.005571916463508025
2024-10-21 04:00:00+00:00,0.005143579966514404,0.006006273762778985,0.006206461032031812,0.00556982663882314,0.0056574673544714
2024-10-22 04:00:00+00:00,0.005705220305452181,0.006499562170028961,0.006691600569327627,0.0060060541025113955,0.006240968262325036
2024-10-23 04:00:00+00:00,0.005140930638588141,0.006298474992334586,0.006413228784530914,0.006138159035605067,0.006473286377561493
2024-10-24 04:00:00+00:00,0.005311439011803686,0.006245940993891713,0.0063699930764586285,0.005855166387755798,0.006569138539973037
2024-10-25 04:00:00+00:00,0.005505004898076025,0.0062937356560339545,0.0063710872972168415,0.005891712817454208,0.0066242955595719275
2024-10-28 04:00:00+00:00,0.005619089268740989,0.006283728405329557,0.006394771067543125,0.005948016263670535,0.0066504658049166354
2024-10-29 04:00:00+00:00,0.005415893337023772,0.005894949506742811,0.006037968601166914,0.005756515148305223,0.006306541246273221
2024-10-30 04:00:00+00:00,0.006845208355504875,0.007943720061477694,0.00784384613482254,0.0075484277531782246,0.008107393967258618
2024-10-31 04:00:00+00:00,0.004778726527989516,0.006155431794403156,0.005932924277693773,0.007894235455070791,0.008484854839214734
2024-11-01 04:00:00+00:00,0.004862039949252706,0.005887108596399282,0.005404841496251311,0.006199739950321312,0.007931289449989342
2024-11-04 05:00:00+00:00,0.0052226180260288805,0.006569080039616022,0.006370828881914486,0.0061087573487174935,0.00754485772968458
2024-11-05 05:00:00+00:00,0.006093493691966313,0.007689091648577333,0.007580376993420515,0.007430696823197072,0.008757784975473496
2024-11-06 05:00:00+00:00,0.0045778151749748235,0.006329443287207717,0.006175216067124327,0.007912566540085562,0.008245219754603763
2024-11-07 05:00:00+00:00,0.004828144744470416,0.006312239430941611,0.006193661586660527,0.007671379953003433,0.007516061424000882
2024-11-08 05:00:00+00:00,0.005143227535595802,0.006282314442573007,0.006136477863861748,0.00729459553447852,0.006962731221226625
2024-11-11 05:00:00+00:00,0.005471779227667613,0.006267104257702927,0.006182367481680373,0.006847373460852649,0.006579412432655611
2024-11-12 05:00:00+00:00,0.005623741805667307,0.0061386879077225225,0.006060295902940733,0.006374224180570192,0.006194772966602911
2024-11-13 05:00:00+00:00,0.006067876545940925,0.006300457491238932,0.006331496289854662,0.006133663215427172,0.0060867035050989485
2024-11-14 05:00:00+00:00,0.006569028232626721,0.006679280217674236,0.006719785485897049,0.006483334175944275,0.006467051472030047
2024-11-15 05:00:00+00:00,0.0059182382430633725,0.006214894879144944,0.006305142666277739,0.006372391975199376,0.006532494892471256
2024-11-18 05:00:00+00:00,0.006283607665355435,0.006234154094284382,0.006279959652157882,0.005959923653044126,0.006367964958053125
2024-11-19 05:00:00+00:00,0.006618301382108917,0.006233618471846607,0.006342144473900655,0.005778218954900617,0.0063501784110125215
2024-11-20 05:00:00+00:00,0.006805621911786128,0.006118271551007714,0.006240183389839052,0.005523881670505728,0.006324904987524122
2024-11-21 05:00:00+00:00,0.007029552594297659,0.0064243663904444415,0.00639252776039135,0.005492323578430319,0.006648413383592944
2024-11-22 05:00:00+00:00,0.0073210404842330235,0.0064507543354622165,0.006372209111108805,0.00558764661656606,0.0069204525186624365
2024-11-25 05:00:00+00:00,0.007647920285241738,0.006480819778403886,0.006429702977185792,0.005926972912447028,0.007253909214095896
2024-11-26 05:00:00+00:00,0.007804087752244975,0.006509106808914219,0.006673919624411227,0.0063900775598798665,0.007694376598170059
2024-11-27 05:00:00+00:00,0.007859881577635097,0.00645046121592218,0.006594522153926552,0.00680700647220444,0.008058366607993726
2024-11-29 05:00:00+00:00,0.006689535915810093,0.005448695770155702,0.0055784464301579595,0.005861495125669984,0.0070803403057323085
2024-12-02 05:00:00+00:00,0.006920426908047688,0.006433965615712522,0.006424199330131826,0.0061464419575908095,0.007259277719917469
2024-12-03 05:00:00+00:00,0.007069866354391124,0.006362391725160173,0.006443489307307518,0.006522193493148184,0.00741687696806737
2024-12-04 05:00:00+00:00,0.006769730467710386,0.0062015215823880655,0.006188098718583303,0.0067778224929951805,0.007470888488260413
2024-12-05 05:00:00+00:00,0.004702846369982757,0.004265346650636894,0.00432207542021908,0.0050823360349689616,0.00527671843348181
2024-12-06 05:00:00+00:00,0.004857323974336139,0.006258050978375247,0.005956970896946733,0.005480008274563487,0.005570797105247607
2024-12-09 05:00:00+00:00,0.004623804999216486,0.006055001568195502,0.0060213302995473904,0.006009973763608233,0.005879198298543455
2024-12-10 05:00:00+00:00,0.004939293366513473,0.006508412039621879,0.006576075804924157,0.006513624268220796,0.006554368082772276
2024-12-11 05:00:00+00:00,0.004844075742557768,0.006376651080911845,0.006326752988033846,0.006724138807411437,0.006836787728610098
2024-12-12 05:00:00+00:00,0.004758377707010639,0.0063651391314199475,0.006519080182518644,0.007201875803450727,0.006789953626105499
2024-12-13 05:00:00+00:00,0.004762331903302789,0.006257088821029796,0.00624846718567173,0.006779265203735249,0.006495669826794856
2024-12-16 05:00:00+00:00,0.0039136515175108065,0.005054858117893596,0.004974638611322684,0.005463390509975842,0.005163498245944349
2024-12-17 05:00:00+00:00,0.007526358939506649,0.01187341612138611,0.011062853350023825,0.010961484665579583,0.00989956032820306
2024-12-18 05:00:00+00:00,0.003973945571693548,0.00605468046106828,0.005935711004034995,0.010797151085293999,0.009912626811443993
2024-12-19 05:00:00+00:00,0.0044986275428513045,0.006349346405691705,0.005867308458251578,0.006842791642396623,0.00925659402795164
2024-12-20 05:00:00+00:00,0.0046639181550891225,0.006237390009803704,0.006045587924965508,0.005836427073629139,0.007977349787533922
2024-12-23 05:00:00+00:00,0.005097204649717513,0.006428071655059847,0.006424561448349815,0.006109682080301317,0.007043810362153572
2024-12-24 05:00:00+00:00,0.005158539125308918,0.006343396708219198,0.005977673311750623,0.00637289892715829,0.006337826532658093
2024-12-26 05:00:00+00:00,0.0056989554621745455,0.0065436614296590255,0.0062743083974064065,0.0065689440895979724,0.006189599679496184
2024-12-27 05:00:00+00:00,0.005705867598815108,0.0063931236202551525,0.006390227583600977,0.006808597732804166,0.006076133127668729
2024-12-30 05:00:00+00:00,0.005557846185943865,0.006174916591318643,0.006213504190122207,0.00638169250449161,0.005687584169814805
2024-12-31 05:00:00+00:00,0.005829846598328296,0.006173960254020237,0.006053720286131568,0.005889079040652901,0.0053127332265097
2025-01-02 05:00:00+00:00,0.006525308094748105,0.006501790314767311,0.006311088730357046,0.0059478795729610776,0.0054179234733032645
2025-01-03 05:00:00+00:00,0.006283422314510216,0.006279449050432759,0.006227213687818885,0.005878074308092429,0.005421446642710282
2025-01-06 05:00:00+00:00,0.006781571683618954,0.006482393155752927,0.006450880199719332,0.006069031052396385,0.005805693364074978
2025-01-07 05:00:00+00:00,0.0064559873046152435,0.006335030451011029,0.006095489876435434,0.006032767662724406,0.006146906007882479
2025-01-08 05:00:00+00:00,0.007192911478211948,0.006652539455869944,0.006548094704376681,0.005994677689876351,0.006440721461303155
2025-01-10 05:00:00+00:00,0.0063259987218208715,0.006354748267098413,0.00630194499767948,0.005936702999892419,0.006584899755074345
2025-01-13 05:00:00+00:00,0.006628381471389109,0.00621752833627051,0.006137247639236408,0.005560090419085431,0.0062395868045250795
2025-01-14 05:00:00+00:00,0.007689182529764718,0.006821189244839187,0.006678209768125547,0.0060900597010234234,0.006725038741118789
2025-01-15 05:00:00+00:00,0.006647399420921261,0.006631401001349899,0.006356966122806654,0.006287272746390579,0.006855277143786169
2025-01-16 05:00:00+00:00,0.007223741940843513,0.006786735232166989,0.006490236196902185,0.006664895664139679,0.007269786577983979
2025-01-17 05:00:00+00:00,0.007393062146329988,0.006707057339943769,0.006497154152217724,0.006815792882223773,0.007234668542747032
2025-01-21 05:00:00+00:00,0.006017949863022958,0.005307411605094985,0.005168283563258596,0.005646640669690499,0.005799452712803633
2025-01-22 05:00:00+00:00,0.006291417801086586,0.006236178421074321,0.006168467860791721,0.005907664864405663,0.005887117339038685
2025-01-23 05:00:00+00:00,0.006447593725100712,0.0061350632604809064,0.006092764458193163,0.006009320903043375,0.005984376306407509
2025-01-24 05:00:00+00:00,0.007158049335052774,0.006889708088552381,0.006653482967062382,0.006654834877865142,0.006690352210837179
2025-01-27 05:00:00+00:00,0.006128938413690527,0.006317308183967809,0.006260495084137897,0.0066775704972196525,0.006955239223501639
2025-01-28 05:00:00+00:00,0.006265556307371958,0.006374499477548226,0.006368200620671128,0.006270502449194833,0.006865769781627679
2025-01-29 05:00:00+00:00,0.0063065941023445074,0.006165259636264258,0.006201270761980616,0.00602303365027709,0.006640659167514136
2025-01-30 05:00:00+00:00,0.006388304968802915,0.0060216471290081685,0.005989547259695152,0.005696180221560748,0.0062831762823684556
2025-01-31 05:00:00+00:00,0.006649606416737966,0.006542540181320011,0.006270839519329871,0.005893574116000066,0.006480795514072339
2025-02-03 05:00:00+00:00,0.006629285142732293,0.006409615685775543,0.006247091178175026,0.005945453649793182,0.0065509730295780005
2025-02-04 05:00:00+00:00,0.006500922052764909,0.006050184200703926,0.006049306072267176,0.005708592545304966,0.006259039872443616
2025-02-05 05:00:00+00:00,0.006771319341355161,0.006300853691008012,0.00605108184981916,0.006017528704373415,0.006491865663343521
2025-02-06 05:00:00+00:00,0.006971592627353462,0.006241680168024431,0.00606843067880505,0.006257364626232163,0.00660619234761082
2025-02-07 05:00:00+00:00,0.006600300172936116,0.006337909569593441,0.006222880367698023,0.006619330048382528,0.006874315355099621
2025-02-10 05:00:00+00:00,0.006017537625278657,0.0056263377701168795,0.00555566835021348,0.005785443460868076,0.006263814136660852
2025-02-11 05:00:00+00:00,0.006380861201954968,0.0064684044985634575,0.006161219363472143,0.006009817424525588,0.006410979367798913
2025-02-12 05:00:00+00:00,0.0067681257929073126,0.00659673193630676,0.006389256880657681,0.006391100769370664,0.006749444551702976
2025-02-13 05:00:00+00:00,0.005678524622433072,0.0055265227635894944,0.0054471317844676116,0.0057904458691132995,0.006143772954898251
2025-02-14 05:00:00+00:00,0.005915222210488235,0.0061110743360401265,0.006073212377969035,0.005990864467309273,0.00619495787814471
2025-02-18 05:00:00+00:00,0.005922059349241523,0.005946884767363351,0.006017335904184399,0.005943435916059309,0.006100576549451713
2025-02-19 05:00:00+00:00,0.0060159299050273046,0.006307003881081535,0.006259339400884336,0.006056556681356952,0.006165129062771742
2025-02-20 05:00:00+00:00,0.006838429655833417,0.007269592964214454,0.007113889988537781,0.007194032510909516,0.007274338984313515
2025-02-21 05:00:00+00:00,0.005096059212062331,0.006233905177716783,0.006110462557656119,0.007179396375989273,0.007503769692572431
2025-02-24 05:00:00+00:00,0.005297635376062629,0.006354568167643753,0.006339925025888413,0.006365993638887214,0.007442065940671055
2025-02-25 05:00:00+00:00,0.004977922618766574,0.005693637732573673,0.005535542883486361,0.005310543707807943,0.006519177966321437
2025-02-26 05:00:00+00:00,0.005596085026922357,0.006809952579161588,0.006413443951678795,0.005521770795319903,0.006703694423880364
2025-02-27 05:00:00+00:00,0.005264669086027668,0.006989344738261823,0.006655956961063352,0.0065130284873441985,0.007414382750770205
2025-02-28 05:00:00+00:00,0.005308166123064123,0.0066567874524311775,0.00651812722301093,0.006445026500891724,0.007886125633476512
2025-03-03 05:00:00+00:00,0.004883614008930409,0.006578438291490875,0.006252908078348032,0.0070107234374193325,0.007732509617691222
2025-03-04 05:00:00+00:00,0.0050363767922608545,0.006386085644287712,0.0061263574821694144,0.0062446395832856825,0.007396992849318427
2025-03-05 05:00:00+00:00,0.005430631717329774,0.006596723084551305,0.00648592090401957,0.005845765049889012,0.006684779054066029
2025-03-06 05:00:00+00:00,0.005008940421218744,0.006058845342047348,0.006029643655259535,0.005984234627188097,0.006203135492900264
2025-03-07 05:00:00+00:00,0.006068698461984333,0.006686884359765693,0.006616360049189295,0.006314752335391857,0.006330540061190277
2025-03-10 04:00:00+00:00,0.0048251477851730075,0.006255025089765541,0.00575235438894057,0.006382461614717392,0.005979535088819136
2025-03-11 04:00:00+00:00,0.0050930455481396466,0.0062113630606966145,0.005877613719217725,0.005899176728095903,0.00539477626801411
2025-03-12 04:00:00+00:00,0.005586325585245414,0.006338480164789058,0.0057615584901630525,0.005801879171112967,0.005123193267619747
2025-03-13 04:00:00+00:00,0.00617749467447568,0.007042392602951813,0.0065784024254443045,0.00653633554246642,0.005579961476883374
2025-03-14 04:00:00+00:00,0.005679607429357248,0.0060659493599203055,0.006089583039133315,0.006320854060787637,0.005343129096264041
2025-03-17 04:00:00+00:00,0.0061363720485069955,0.006189187362586762,0.005859178655852091,0.006195394357468231,0.005409174111221754
2025-03-18 04:00:00+00:00,0.00646379006932038,0.006312895673985792,0.006082931805343161,0.006221691242641667,0.005605024537768899
2025-03-19 04:00:00+00:00,0.006674528330158247,0.006072761773774457,0.005853034048569753,0.006054799932230516,0.005422806505427355
2025-03-20 04:00:00+00:00,0.007202603604333729,0.0061482545887184105,0.005929324560173138,0.00596589773372106,0.005467452137369657
2025-03-21 04:00:00+00:00,0.007997869599657408,0.006433856744865457,0.006195402776723418,0.0060959274743069124,0.005629351806754083
2025-03-24 04:00:00+00:00,0.007375906978513964,0.006287428371151723,0.005875723877011855,0.00610317695496869,0.005688806400242623
2025-03-25 04:00:00+00:00,0.008036540915145319,0.006474525186998433,0.00620185631049941,0.006160337558960459,0.006076684364764282
2025-03-26 04:00:00+00:00,0.007907174977928803,0.006318997014176571,0.006108140791591085,0.006191562356632471,0.006266835875032307
2025-03-27 04:00:00+00:00,0.008545182731331494,0.006459153594370502,0.006274587856409191,0.006319789094503603,0.006281876128292692
2025-03-28 04:00:00+00:00,0.006950504858794449,0.006057147773457772,0.005920126091749752,0.00614820031311441,0.0060540891772846665
2025-03-31 04:00:00+00:00,0.007204473127186004,0.006163713587391436,0.005993890480294256,0.005987746053574949,0.0056968819956017235
2025-04-01 04:00:00+00:00,0.007652814492765384,0.006190983759301069,0.00604457867719311,0.006058814276197132,0.005677460545384725
2025-04-02 04:00:00+00:00,0.010335441643465282,0.00817007513907172,0.008092487255046044,0.007991691511331967,0.007520289630367027
2025-04-03 04:00:00+00:00,0.006459304246753861,0.007988852665849136,0.007900475305089954,0.010320835538631666,0.009900268705952361
2025-04-04 04:00:00+00:00,0.0044964048115481905,0.005684750279732022,0.005987649155049138,0.009363283413042092,0.008716787478845373
2025-04-07 04:00:00+00:00,0.004835263643525339,0.0055801790864008155,0.00554289598368882,0.006645953854144097,0.007356045981330196
2025-04-08 04:00:00+00:00,0.0075533248903492615,0.00888970458822459,0.007994636393702565,0.008255864866662844,0.009580993676445541
2025-04-09 04:00:00+00:00,0.004914992274514057,0.004316297184329599,0.004688433443761419,0.007537471507893706,0.009168848769224407
2025-04-10 04:00:00+00:00,0.005134092290644169,0.004232708742121094,0.004683917656673109,0.007017564402987762,0.00890679231367716
2025-04-11 04:00:00+00:00,0.0055098777155902995,0.004284247906305042,0.004944249400203336,0.006007503197810403,0.008315481614606303
2025-04-14 04:00:00+00:00,0.006043083928272576,0.0045003308945186235,0.004938289611884442,0.005382701877324964,0.007935025038152209
2025-04-15 04:00:00+00:00,0.006718315258188259,0.005860842361196252,0.005392447195716976,0.005037586947127569,0.007745481204837209
2025-04-16 04:00:00+00:00,0.007005358894808579,0.0067342355788615115,0.005643573298063463,0.004716507294015477,0.007495466824898974
2025-04-17 04:00:00+00:00,0.007795305001274148,0.007213033360670812,0.005666254744480988,0.004479067532666936,0.007361397237425038
2025-04-21 04:00:00+00:00,0.008160257815985174,0.0073997208816517345,0.005784820752579139,0.004413440500409766,0.00741461133039479
2025-04-22 04:00:00+00:00,0.008363041569984225,0.0073891499286541295,0.0058962425279695824,0.004310145619576746,0.007334736846693727
2025-04-23 04:00:00+00:00,0.009018630967252897,0.0074856673017498635,0.006179732928971702,0.004366152789917447,0.007445598491088634
2025-04-24 04:00:00+00:00,0.00938724426669963,0.007500812516999503,0.0064978016908065145,0.004478736187322463,0.007557640724968742
2025-04-25 04:00:00+00:00,0.010230770342694642,0.007611472400891422,0.006740942396433073,0.00475145930650512,0.007778252314721095
2025-04-28 04:00:00+00:00,0.011115145279943664,0.00760785847308227,0.007169177221800629,0.005109480983521161,0.007925411105422378
2025-04-29 04:00:00+00:00,0.01208019128079534,0.007746655145473622,0.007715500843284024,0.005536577342685516,0.008084588188317834
2025-04-30 04:00:00+00:00,0.013194532224179384,0.00783794053826833,0.007770495398964313,0.005905733734210714,0.008295171234819602
2025-05-01 04:00:00+00:00,0.014297891850016736,0.007942433943914983,0.007913826342568943,0.00628631493400972,0.00853530541145233
2025-05-02 04:00:00+00:00,0.013534493190600475,0.007410066836482681,0.007381120653277756,0.006245881798514804,0.008226873065097237
2025-05-05 04:00:00+00:00,0.012482244653453935,0.006729778931605412,0.006486743664801515,0.005785156355245044,0.007452570341739984
2025-05-06 04:00:00+00:00,0.013062644893173814,0.007129927044748051,0.006621422334737024,0.006188568037228335,0.007677670781614767
2025-05-07 04:00:00+00:00,0.01377970350315317,0.006994291928904332,0.006591667308832239,0.006562545329134889,0.00774723178673519
2025-05-08 04:00:00+00:00,0.00891649575352861,0.004261886933109946,0.004130525909391961,0.004381617522888827,0.00490887278941324
2025-05-09 04:00:00+00:00,0.008813047449361016,0.0058678202979146905,0.005689291757753677,0.004487684820046264,0.004760589981881849
2025-05-12 04:00:00+00:00,0.00596772721481338,0.006080118811273624,0.005920167188931117,0.0049160346430283525,0.004949825853138118
2025-05-13 04:00:00+00:00,0.006399512205399134,0.00611472960733734,0.005814306064968528,0.005403170425184084,0.005471247185290733
2025-05-14 04:00:00+00:00,0.006909139116958169,0.006110455783471677,0.005768887714221658,0.005843964289094133,0.00574594957512032
2025-05-15 04:00:00+00:00,0.006588444588682209,0.005495050916175598,0.004748176269850696,0.005544587274061619,0.0051201224500615474
2025-05-16 04:00:00+00:00,0.006968637822460515,0.006284173230636778,0.005214844398205208,0.00584880005825687,0.005137406817953607
2025-05-19 04:00:00+00:00,0.0063252833721937326,0.005316678725335498,0.0037933503997771433,0.00514138689834831,0.00441799047009076
2025-05-20 04:00:00+00:00,0.0068602775980329996,0.006065188916104289,0.0042635227553690066,0.005523327761254241,0.004612223890704128
2025-05-21 04:00:00+00:00,0.005886817253710202,0.005745213880539981,0.0040500927923381265,0.005437088293473295,0.004559163522407917
2025-05-22 04:00:00+00:00,0.006028498874615907,0.00560443385267692,0.003920713289791541,0.004959501455376396,0.004320428203273109
2025-05-23 04:00:00+00:00,0.0066614103955934395,0.006804596605610742,0.004320012945194293,0.005110131428974068,0.004664886956954499
2025-05-27 04:00:00+00:00,0.005816062226127288,0.006010418819317035,0.004319594643959775,0.0049514891105540675,0.0047645616451633295
2025-05-28 04:00:00+00:00,0.006115596674787164,0.005970736927818781,0.004228168893547593,0.004968091692260608,0.004950749635812526
2025-05-29 04:00:00+00:00,0.006545352344033879,0.0059841724220221935,0.004205863671097816,0.004871634721644146,0.0050340086418485495
2025-05-30 04:00:00+00:00,0.006984502041828507,0.005967367424652066,0.00460127236545248,0.004900472959720559,0.005136069334163686
2025-06-02 04:00:00+00:00,0.007149845167648655,0.005785006620390798,0.004594543304036766,0.004809977251222572,0.005052945665091532
2025-06-03 04:00:00+00:00,0.007302312735516458,0.005768142473586227,0.004539921775974762,0.004869882597395384,0.005101413739048367
2025-06-04 04:00:00+00:00,0.0076295021494649775,0.006007339448571015,0.004608551620768889,0.0050823094981226995,0.005250418047185648
2025-06-05 04:00:00+00:00,0.007831997293373813,0.0064300007470418944,0.004797161908255721,0.005364467640183796,0.005575935800828371
2025-06-06 04:00:00+00:00,0.007566076153855399,0.006260883452594006,0.004786392052360943,0.0054628299375719626,0.005814572410348476
2025-06-09 04:00:00+00:00,0.007964508802639013,0.006317779574763473,0.0047924371539793086,0.005632029416313588,0.00629428078857553
2025-06-10 04:00:00+00:00,0.006097908631720288,0.004734689045196976,0.0035860411461195243,0.004300966933883725,0.004995754678778256
2025-06-11 04:00:00+00:00,0.006200850563531541,0.006205409641988144,0.004320514694514115,0.004415623694562728,0.005361239117192587
2025-06-12 04:00:00+00:00,0.006851689784798446,0.006677006951165647,0.004647748301299112,0.004921848837311019,0.006099321504342509
2025-06-13 04:00:00+00:00,0.006200699553599171,0.006568644342668285,0.004578442062777243,0.005419399356947838,0.00661390609779067
2025-06-16 04:00:00+00:00,0.00619597917082585,0.006335753853634805,0.004567393709636594,0.005573126405008648,0.0068898369713120714
2025-06-17 04:00:00+00:00,0.006032482713449369,0.006275356805249012,0.004563142863509831,0.005905558507536567,0.006936904119921294
2025-06-18 04:00:00+00:00,0.0063397521169875504,0.00624359198320677,0.0050970046307541785,0.005933382827569153,0.006837505039666828
2025-06-20 04:00:00+00:00,0.0060243637001591325,0.005705998399526481,0.004552574421314793,0.005594374269634154,0.006167410389625743
2025-06-23 04:00:00+00:00,0.006062605163864851,0.006544863150724841,0.005568538177046884,0.006026407767126507,0.006362846172749794
2025-06-24 04:00:00+00:00,0.005585860043341496,0.006181939297264173,0.005451203154756932,0.006198098722125544,0.0061732573057881384
2025-06-25 04:00:00+00:00,0.005022108500455322,0.0053972126259272035,0.004798768673755542,0.0055972210272382805,0.005316023716870891
2025-06-26 04:00:00+00:00,0.004863339426565791,0.006016984584208093,0.004446182335406209,0.005574112303511054,0.005218606037568665
2025-06-27 04:00:00+00:00,0.0050303429499186465,0.006320233868880516,0.004788119956775644,0.005768119940161853,0.005382552316306345
2025-06-30 04:00:00+00:00,0.005186771603489276,0.006318513855398739,0.004404729996145532,0.005939950664700244,0.005589803074054521
2025-07-01 04:00:00+00:00,0.005399756085914019,0.006220959378105236,0.004087808215644082,0.006060912654467908,0.005818295278862292
2025-07-02 04:00:00+00:00,0.0056015296126060545,0.00635303451431221,0.003773414381673274,0.006117051215216771,0.006148093010089451
2025-07-03 04:00:00+00:00,0.00576630597998154,0.006673515596352894,0.004154926482653394,0.00653730535987967,0.006789243602835723
2025-07-07 04:00:00+00:00,0.005342823531220022,0.006205966039677241,0.0036385303735699875,0.006493373511108305,0.00684662417026954
2025-07-08 04:00:00+00:00,0.005402690894800252,0.006112554990338829,0.003566848356395969,0.0059085382980122204,0.006745365486521803
2025-07-09 04:00:00+00:00,0.005452489244758389,0.006208007017296963,0.0036687997916297153,0.005723025910364483,0.006739094801039492
2025-07-10 04:00:00+00:00,0.005703648258840237,0.006276022450482131,0.003955100244069947,0.005867625436567335,0.0067576839090111775
2025-07-11 04:00:00+00:00,0.005697308215459449,0.006148295918039557,0.0036088888665919768,0.005935666786162789,0.006699029907026289
2025-07-14 04:00:00+00:00,0.0059985348431142735,0.006355868929180419,0.0038255451728161707,0.006124208929593718,0.0068776791502810864
2025-07-15 04:00:00+00:00,0.005287675691718422,0.005512008400474028,0.003758174545737555,0.005678666214523337,0.00622029344057444
2025-07-16 04:00:00+00:00,0.005228311706100687,0.005751409754710249,0.0037892132900077956,0.0056112588139834215,0.006137768059338753
2025-07-17 04:00:00+00:00,0.004718743415531856,0.00549063698592182,0.003423433135065679,0.00536921053588775,0.005679235338338866
2025-07-18 04:00:00+00:00,0.0048082164804693055,0.006118342541351428,0.0037285974740876846,0.005655009493596257,0.005732174874767149
2025-07-21 04:00:00+00:00,0.004822386074276747,0.006080472380425404,0.0036587144456708396,0.0057347015305986015,0.005801711643174168
2025-07-22 04:00:00+00:00,0.00480209797286921,0.006062670550749109,0.0035709912143706123,0.005796616042197113,0.00586115727535682
2025-07-23 04:00:00+00:00,0.00413546492759706,0.0057803374124255165,0.0033576885436893,0.005507829162490487,0.005572073431510213
2025-07-24 04:00:00+00:00,0.004232818971419096,0.006205277299443208,0.003429879837172988,0.005801144066628743,0.005719043275873517
2025-07-25 04:00:00+00:00,0.004072465141194306,0.005953502535180388,0.0030968146146468575,0.005662703302224459,0.005663366639331627
2025-07-28 04:00:00+00:00,0.004213584391403289,0.006145517834261579,0.003299091734513515,0.0059224122675318545,0.005931707765460788
2025-07-29 04:00:00+00:00,0.004135379484135039,0.006043097636659361,0.003197036992540891,0.0059230421257961095,0.006057282762713032
2025-07-30 04:00:00+00:00,0.004296704535662024,0.006242420123134385,0.003413370345521101,0.005986441492390345,0.006387541354853736
2025-07-31 04:00:00+00:00,0.0055975693658417616,0.008197109781774315,0.004345745204389197,0.008046127367834867,0.008650732855861525
2025-08-01 04:00:00+00:00,0.0045430571057000985,0.006659586360916057,0.004971481460134928,0.008931989892483082,0.009703283153176586
2025-08-04 04:00:00+00:00,0.004018035267181917,0.00606306477634582,0.005290899445068609,0.00676988413771046,0.00882252168194871
2025-08-05 04:00:00+00:00,0.004289549429390765,0.006315101472674826,0.005805576889077564,0.00678592027114926,0.00784368006610889
2025-08-06 04:00:00+00:00,0.00433471364908539,0.0061584355476566955,0.0055566522092788916,0.005994894134199279,0.006843276096676637
2025-08-07 04:00:00+00:00,0.004725673985308879,0.00639068051758208,0.0062563523028113886,0.0061195551571676075,0.006436653860116938
2025-08-08 04:00:00+00:00,0.004753337821777941,0.006148113145361491,0.006282165858463669,0.005866796893247332,0.006026691125999506
2025-08-11 04:00:00+00:00,0.0052781031337532135,0.006619895773615979,0.006563390219698984,0.006356252321219087,0.006229001296260388
2025-08-12 04:00:00+00:00,0.0049185432678897885,0.006215723653571221,0.0062417743583274435,0.006272628516937927,0.006097353190028195
2025-08-13 04:00:00+00:00,0.00516221918167548,0.0062403273882455125,0.006252993656717971,0.006363602475346225,0.006102824166837806
2025-08-14 04:00:00+00:00,0.005426776376168212,0.006251293628162001,0.006247415107081376,0.006270112892970712,0.006141873153504031
2025-08-15 04:00:00+00:00,0.0055782032285315595,0.0062536048564367595,0.006243668152506081,0.006038595671582242,0.006221304856698195
2025-08-18 04:00:00+00:00,0.00596522414181616,0.006464327138899369,0.0065217965718015,0.005934970925195602,0.006504775222956891
2025-08-19 04:00:00+00:00,0.00587558326305585,0.006423241610015929,0.006483201293691201,0.005843336777808185,0.006670921077315138
2025-08-20 04:00:00+00:00,0.005902631961471393,0.006287558491200128,0.006388811620304673,0.005613548518542457,0.006727061491659768
2025-08-21 04:00:00+00:00,0.006629283266579156,0.007119974680267749,0.007270205847641448,0.0063486645776395815,0.007743370931793204
2025-08-22 04:00:00+00:00,0.0055812971294573275,0.006351408679913857,0.00638427678469291,0.006502529489550241,0.008045147864446038
2025-08-25 04:00:00+00:00,0.005777507897813249,0.006398136558485486,0.006455399888036229,0.006687007249808528,0.007874772134214222
2025-08-26 04:00:00+00:00,0.005992707353316185,0.006321059598698142,0.006334981317368429,0.0063382326080634235,0.0076745699013726415
2025-08-27 04:00:00+00:00,0.006271112270686385,0.006401131423438099,0.006509414766808533,0.006309573444226846,0.007482826226025801
2025-08-28 04:00:00+00:00,0.006604943866914189,0.006495140791974853,0.006637647813562235,0.00650855653911832,0.007482744163573109
2025-08-29 04:00:00+00:00,0.005731765741224459,0.005691660757660404,0.005705219528452805,0.006030162589147466,0.006642803648288729
2025-09-02 04:00:00+00:00,0.005019593771459774,0.005744129253409138,0.005692051196443801,0.0055350779451057075,0.006068085312844237
2025-09-03 04:00:00+00:00,0.005197180413502995,0.006303019698734347,0.00640349055802237,0.005588276515375907,0.0061905176164374865
2025-09-04 04:00:00+00:00,0.0050393572112039115,0.006211992589847676,0.0062592135123621315,0.005792611425724666,0.006158362371430007
2025-09-05 04:00:00+00:00,0.005157021200360421,0.006220694112116835,0.006339457863708739,0.006033309457725811,0.006119414256473009
2025-09-08 04:00:00+00:00,0.005204679601137273,0.006057277523444281,0.006166604740646702,0.0057898892909212405,0.00599235278814963
2025-09-09 04:00:00+00:00,0.005343578759585807,0.006049092179191903,0.0062484382596650285,0.005822589704373828,0.006019848939058293
2025-09-10 04:00:00+00:00,0.0052821767335695805,0.005850522837401824,0.006100067294732074,0.005812406523062467,0.00593128112429505
2025-09-11 04:00:00+00:00,0.005028880866099965,0.0060825196814011,0.006175517486918509,0.006037650108370181,0.00611091270566952
2025-09-12 04:00:00+00:00,0.005251916254564249,0.006218815506292952,0.00655339510335971,0.006393744429360802,0.0063628635797632225
2025-09-15 04:00:00+00:00,0.00526903118726066,0.005985704617465237,0.006234610908448516,0.006415913690143229,0.0065479431761516094
2025-09-16 04:00:00+00:00,0.005401461377776924,0.006234496464709223,0.006428475017092105,0.006571832310465182,0.006768481503819255
2025-09-17 04:00:00+00:00,0.005333210070827735,0.0060222398216084735,0.0062123901394398875,0.006333143760559669,0.006749150887626138
2025-09-18 04:00:00+00:00,0.005301407591949195,0.006101669661557019,0.0061422166771203865,0.006268955201303204,0.006885341493157145
2025-09-19 04:00:00+00:00,0.005145096693075797,0.005998325965752605,0.005791427076432546,0.006364965068475118,0.006807298151386585
2025-09-22 04:00:00+00:00,0.004560295869183151,0.005668727438200024,0.004800389574464441,0.005933125880036183,0.006135807977218536
2025-09-23 04:00:00+00:00,0.004310719317235588,0.0061518122136853225,0.005369288513804559,0.006157765935446978,0.00620323491555126
2025-09-24 04:00:00+00:00,0.004504577988635929,0.0063875596470897335,0.0053662396820008595,0.006254159789111235,0.00663995079220423
2025-09-25 04:00:00+00:00,0.004507163955697719,0.006531066621451686,0.005624715508038267,0.0062842568587334734,0.0068969394663554355
2025-09-26 04:00:00+00:00,0.004482255616114597,0.006125162939904999,0.005383290286088671,0.0060663652509103235,0.006808919366351596
2025-09-29 04:00:00+00:00,0.004321566570226449,0.005760122627321369,0.005346937280074914,0.0059485402094362995,0.006242430029256031
2025-09-30 04:00:00+00:00,0.003939757693587897,0.005516965322255065,0.004747705488396726,0.005582019580133404,0.005537383371734254
2025-10-01 04:00:00+00:00,0.003959656569061788,0.005989340397462307,0.004933966716002654,0.005751205291533291,0.005472596908003005
2025-10-02 04:00:00+00:00,0.0037847349377369026,0.005602753248294901,0.004402739496967057,0.005567688030969255,0.005187137413832245
2025-10-03 04:00:00+00:00,0.003713822631287577,0.005908837588221961,0.0044365444914396205,0.005556579161104457,0.005157995945318057
2025-10-06 04:00:00+00:00,0.0039477046620101175,0.006692736630103961,0.003974726763528788,0.006020520728830337,0.005685895797514537
2025-10-07 04:00:00+00:00,0.003973666442415989,0.006047415977305105,0.00464523963378212,0.006373081633778902,0.006053897162760169
2025-10-08 04:00:00+00:00,0.004010646000199716,0.006088443088252816,0.004664585560043138,0.006308963416477464,0.006427980916750877
2025-10-09 04:00:00+00:00,0.007255589575046641,0.010896137099438806,0.008068236140906987,0.011404149195145817,0.011594397168727314
2025-10-10 04:00:00+00:00,0.004341508292506767,0.006660676751135362,0.006336177729953191,0.012125590619326835,0.01288299748136418
2025-10-13 04:00:00+00:00,0.004218068319503801,0.0061393024977411835,0.006071515725462521,0.006912913865814126,0.010900705127483442
2025-10-14 04:00:00+00:00,0.004562401081299536,0.0061666626213039396,0.006179838221362156,0.0061758673381538745,0.008598298256503826
2025-10-15 04:00:00+00:00,0.004965361993309242,0.006282893479528048,0.006258216580811934,0.005798326562142181,0.0073754205258785115
2025-10-16 04:00:00+00:00,0.005160098394923141,0.006137325128896701,0.005915912941124622,0.005792057969189511,0.006535293444148615
2025-10-17 04:00:00+00:00,0.005622164432200695,0.006330039568247418,0.006075274132234649,0.005764773914635228,0.006156439410272138
2025-10-20 04:00:00+00:00,0.0055705153637660735,0.006223372216981862,0.0059882191113385394,0.006014831439468839,0.005774190331154895
2025-10-21 04:00:00+00:00,0.005932026098615977,0.006213013796894527,0.006085543776495407,0.006326992803466261,0.00574170221914694
2025-10-22 04:00:00+00:00,0.006127382317637547,0.006248143101417506,0.006168701608111336,0.006414320239761886,0.005825291900553503
2025-10-23 04:00:00+00:00,0.006377283486802766,0.006270286300870782,0.006145843919208302,0.006166931838542647,0.005884234384031202
2025-10-24 04:00:00+00:00,0.006653639620924988,0.0064906095344668254,0.006374406399684617,0.006231832771271456,0.006231776201779445
2025-10-27 04:00:00+00:00,0.0062748780367989495,0.006433803051221132,0.0061937286565321385,0.006187089762554406,0.006626478011561951
2025-10-28 04:00:00+00:00,0.006632155338889261,0.006417154157858428,0.006253203383762259,0.006176928101644508,0.0068742101473919254
2025-10-29 04:00:00+00:00,0.007255374237067089,0.006675287494531732,0.006574692325369051,0.006339373623494347,0.007364990833906673
2025-10-30 04:00:00+00:00,0.006800954420381129,0.00626797925978038,0.005995844255983682,0.006317289049359306,0.0076430787299851975
2025-10-31 04:00:00+00:00,0.0071637241275838235,0.0062678255554855814,0.006328902915570271,0.006012303853567883,0.007766390338830607
2025-11-03 05:00:00+00:00,0.007851173235380067,0.006541796788948579,0.006254033271058606,0.0062951471333141966,0.008116415457243283
2025-11-04 05:00:00+00:00,0.006990363966197647,0.006404015873731951,0.006279077869402924,0.006590773314569105,0.008198598587130955
2025-11-05 05:00:00+00:00,0.00754263590974538,0.006601308434759351,0.006492100287882681,0.0067006765285096675,0.008368633361968731
2025-11-06 05:00:00+00:00,0.006944084441024835,0.006389819751425692,0.00619543544102578,0.006978920167819977,0.008291190111734133
2025-11-07 05:00:00+00:00,0.006048170753331189,0.005258285168782408,0.005132877175271767,0.005616670521372945,0.006651093630189163
2025-11-10 05:00:00+00:00,0.0049597887625067,0.005730362052702274,0.005653821897096808,0.005355441324750354,0.006029352761987121
2025-11-11 05:00:00+00:00,0.005256017683264442,0.006286310916321947,0.006189443388879061,0.005727394743445866,0.005926375325646612
2025-11-12 05:00:00+00:00,0.0063165090383157,0.007139689130735602,0.0070214113534013195,0.006703352682718883,0.006703389066144709
2025-11-13 05:00:00+00:00,0.005150340618160728,0.0060855997158914,0.005845895059350178,0.006653710000670858,0.006623944217162779
2025-11-14 05:00:00+00:00,0.005643781164347186,0.006290343306085596,0.006177111511122811,0.006176420008733168,0.006670366559377507
2025-11-17 05:00:00+00:00,0.005453392432497176,0.006027788156344658,0.005749167754289446,0.005857790904257585,0.006281454184921065
2025-11-18 05:00:00+00:00,0.005503939020518711,0.006121306539921999,0.0058124301777010435,0.0057674688794215265,0.006019854211888948
2025-11-19 05:00:00+00:00,0.006246758860309619,0.006532870586957027,0.006343009936115992,0.006071394045154959,0.0062367325240452595
2025-11-20 05:00:00+00:00,0.005575224325710727,0.006534277682964522,0.006320437216502258,0.00645792489859137,0.006462003984644158
2025-11-21 05:00:00+00:00,0.006000450934634534,0.006497509255995406,0.00630427261834873,0.006324846681083166,0.006598144021995656
2025-11-24 05:00:00+00:00,0.005541137788016962,0.006143941573107337,0.005895880659154877,0.006302050885848115,0.006419344801692867
2025-11-25 05:00:00+00:00,0.005801715800087609,0.006411548013621524,0.006391585033672013,0.0063761869126496866,0.006526177412364043
2025-11-26 05:00:00+00:00,0.006134447714092486,0.006375629407576115,0.006236943345266051,0.006313589322813815,0.0065170225865295705
2025-11-28 05:00:00+00:00,0.006341574735120152,0.006234837051533291,0.006036157108346508,0.0060569209997799805,0.006332421687400233
2025-12-01 05:00:00+00:00,0.0065485190800428595,0.006389367830544924,0.006180228119771697,0.0061704622277294445,0.006380760273559285
2025-12-02 05:00:00+00:00,0.006954572836742849,0.006400412327997118,0.006218293017140529,0.006054394939655342,0.006410069479736366
2025-12-03 05:00:00+00:00,0.007011014627890562,0.006150889529761222,0.006018034649490363,0.005809320515671033,0.006320517413297122
2025-12-04 05:00:00+00:00,0.007359626052707365,0.006229928849780893,0.006258162559779837,0.005887619594138476,0.0066000712989558175
2025-12-05 05:00:00+00:00,0.007387789980820208,0.006044951992070115,0.006086787010120418,0.005745591458349022,0.006652317049248117
2025-12-08 05:00:00+00:00,0.007526169856370078,0.006360203660788183,0.0060697234572069025,0.005927095846397388,0.007041113451086819
2025-12-09 05:00:00+00:00,0.007304541742645187,0.005978745982714952,0.00580232691164761,0.0056836698437358075,0.006915995983312961
2025-12-10 05:00:00+00:00,0.007244726331718851,0.006348226175991246,0.006342269522039225,0.005892881987995281,0.007271511301080069
2025-12-11 05:00:00+00:00,0.00782959250618303,0.006677517347714531,0.006580021876281092,0.00654464757613828,0.007903072831692524
2025-12-12 05:00:00+00:00,0.006143366845583778,0.005652949692588372,0.005594491304850172,0.006254073627432532,0.007359343718566741
2025-12-15 05:00:00+00:00,0.006411795750165103,0.006393969923423856,0.0063866671214802585,0.006163807185324092,0.007577394064398608
2025-12-16 05:00:00+00:00,0.006756362903681106,0.0065296889832699295,0.0064778982384257455,0.0064095723863442375,0.0078101338539234705
2025-12-17 05:00:00+00:00,0.005859306599478631,0.006319297782334775,0.006121864125612712,0.006598602777915499,0.007727078705491266
2025-12-18 05:00:00+00:00,0.006023395217707773,0.0065164816615276054,0.00628621874898634,0.006546681291595463,0.007855260398543387
2025-12-19 05:00:00+00:00,0.005218461467202675,0.005629480567719895,0.005461500316617087,0.0062535686118948015,0.006673686297837804
2025-12-22 05:00:00+00:00,0.005191568104999109,0.0062253670876042345,0.006059248510686889,0.006648465893738514,0.006309151202019863
2025-12-23 05:00:00+00:00,0.004795684610937384,0.005654073069686986,0.00563050048262387,0.006163668645306118,0.005532594298984496
2025-12-24 05:00:00+00:00,0.0047886171818547416,0.0059664466085299645,0.00562663883545661,0.005988668915233464,0.005291523457086827
2025-12-26 05:00:00+00:00,0.004920688852049927,0.005959313637752921,0.005698922489692799,0.006176894075488686,0.005363554616758225
2025-12-29 05:00:00+00:00,0.004902631800225549,0.006043779062315303,0.005989687810215408,0.006152368132860389,0.005488692487135573
2025-12-30 05:00:00+00:00,0.0051621853754347975,0.006241008023210185,0.0061755219567466765,0.006151271907361348,0.005860271568879032
