Date,target_vol,vol_garch,vol_rf,vol_gb,vol_lstm,vol_gru
2024-04-29 04:00:00+00:00,0.0086119224408465,0.008047012972333107,0.008093771428664433,0.008255804648919968,0.008143247105181217,0.007378931622952223
2024-04-30 04:00:00+00:00,0.0085334961517885,0.009613877092819929,0.008579332324687293,0.00887940644931511,0.008092996664345264,0.007345862220972776
2024-05-01 04:00:00+00:00,0.0088393292017429,0.009132633930003865,0.00863251994969184,0.008888521013954888,0.008802146650850773,0.0074668629094958305
2024-05-02 04:00:00+00:00,0.0089521376399237,0.009038870261095504,0.008845409917626364,0.008971467311339713,0.00910315290093422,0.007654625456780195
2024-05-03 04:00:00+00:00,0.0089056490393295,0.009399159317996201,0.009079771103807895,0.00908247045115555,0.008990799076855183,0.007939746603369713
2024-05-06 04:00:00+00:00,0.0089120047004297,0.009393443129644179,0.009007727430031375,0.008900606191976008,0.00881987065076828,0.00814699288457632
2024-05-07 04:00:00+00:00,0.0089047724012104,0.008813891527718668,0.008968509890897609,0.008851022224063304,0.008691271767020226,0.008303546346724033
2024-05-08 04:00:00+00:00,0.008709809855038,0.008315209500674057,0.008964686263715462,0.008792943110647553,0.008508449420332909,0.008284629322588444
2024-05-09 04:00:00+00:00,0.0085702744930256,0.008006747372372378,0.008468617860386005,0.008558668927662274,0.00834369845688343,0.008124035783112049
2024-05-10 04:00:00+00:00,0.0078679265204498,0.007615129830770594,0.008452565003807873,0.00857067435424385,0.008111483417451382,0.007899112068116665
2024-05-13 04:00:00+00:00,0.0073175763810263,0.007286614625567628,0.00761488189479533,0.00765696427492701,0.007940812036395073,0.007619911804795265
2024-05-14 04:00:00+00:00,0.0075716684108716,0.007123127758573772,0.007250577285488525,0.007341571160737258,0.007771435659378767,0.007269599009305239
2024-05-15 04:00:00+00:00,0.0074133186284971,0.007797127539443463,0.00740114236976748,0.0074848843176934425,0.0074887992814183235,0.006923185661435127
2024-05-16 04:00:00+00:00,0.0073414735945473,0.0075048313475534435,0.007299099367121258,0.007231008974868569,0.00721725495532155,0.006680870894342661
2024-05-17 04:00:00+00:00,0.0068719867603592,0.00718110115648779,0.007225127373785267,0.007217982492536816,0.007293047849088907,0.006461078766733408
2024-05-20 04:00:00+00:00,0.0067545769807622,0.006904617906373876,0.006767767207747939,0.006731023204592453,0.007293895352631807,0.006282705347985029
2024-05-21 04:00:00+00:00,0.00652655684376,0.006691805805805801,0.006592834879421842,0.006334209049449596,0.007101624272763729,0.006091981660574675
2024-05-22 04:00:00+00:00,0.0068449657258481,0.006612627807352798,0.006474585518779605,0.006342525950799502,0.006732858717441559,0.005914783105254173
2024-05-23 04:00:00+00:00,0.0067695430907895,0.007046532552459284,0.006741927025173503,0.006734575128085849,0.006309105549007654,0.005656650755554438
2024-05-24 04:00:00+00:00,0.0065401873829355,0.007105816831695405,0.0065992040794050745,0.006262005167004334,0.006237167399376631,0.005494408309459686
2024-05-28 04:00:00+00:00,0.0068360701543324,0.006844831929742826,0.006467351446821496,0.006288908205039107,0.0058842808939516544,0.0055084796622395515
2024-05-29 04:00:00+00:00,0.0058619110572076,0.007223689092610082,0.006763287920675053,0.006478202072960096,0.005676690023392439,0.005516530014574528
2024-05-30 04:00:00+00:00,0.005876736342699,0.007346074599202751,0.005944326138560135,0.005787229093142818,0.005918731447309256,0.005538181401789188
2024-05-31 04:00:00+00:00,0.0056770886725705,0.007458208573607807,0.006048666422637894,0.0061099773193963505,0.006157823838293552,0.005602791905403137
2024-06-03 04:00:00+00:00,0.0051462982963978,0.007141099506545892,0.005953275089805695,0.005930350153181987,0.005756719037890434,0.005722413770854473
2024-06-04 04:00:00+00:00,0.0052832931153214,0.006873343248653982,0.005254269668999321,0.005571716147596617,0.005475088022649288,0.005739354994148016
2024-06-05 04:00:00+00:00,0.0052972680094787,0.007633698023629797,0.005383042285982776,0.005527506499074249,0.0053265937604010105,0.0056762429885566235
2024-06-06 04:00:00+00:00,0.0053184701684781,0.007301693432277451,0.005340451804275482,0.005409896248516113,0.005155916791409254,0.0056785596534609795
2024-06-07 04:00:00+00:00,0.0052606351378712,0.007043562917012908,0.00550208440858666,0.005649267591451425,0.0052002244628965855,0.005616495385766029
2024-06-10 04:00:00+00:00,0.0052689882592522,0.006811438067428694,0.005238271071249651,0.005432326556647871,0.00533865625038743,0.005543356295675039
2024-06-11 04:00:00+00:00,0.0054744095770672,0.006619524619252799,0.005147762396149722,0.005368816218469687,0.005394009407609701,0.005469026509672403
2024-06-12 04:00:00+00:00,0.0054321189461794,0.006939316258004453,0.005585008718418219,0.005445574371604537,0.0054131620563566685,0.005390123464167118
2024-06-13 04:00:00+00:00,0.0049391941825482,0.006716942356333057,0.005517475551733283,0.005370610438361892,0.005265837535262108,0.005325173959136009
2024-06-14 04:00:00+00:00,0.0050798017976146,0.0065277968195406435,0.005040055843948304,0.005191532642128486,0.005195725243538618,0.005195196717977524
2024-06-17 04:00:00+00:00,0.0050831499121785,0.0067633158389576705,0.005111788876921108,0.005248947031256439,0.0051932684145867825,0.005008538719266653
2024-06-18 04:00:00+00:00,0.0051620584457326,0.006573275148318501,0.0051085155795942165,0.005369170091157817,0.005072735715657473,0.004880079533904791
2024-06-20 04:00:00+00:00,0.0051970989622673,0.0065027624583471,0.005110733972047301,0.005465905574514305,0.005030996166169643,0.004751965403556824
2024-06-21 04:00:00+00:00,0.0052114416951995,0.006390382362350887,0.005109635023286596,0.0053791004697868626,0.005099134519696236,0.00463492888957262
2024-06-24 04:00:00+00:00,0.0048441714808493,0.006390132059851219,0.005108710757229006,0.004827927114582053,0.005127312149852514,0.004543771035969257
2024-06-25 04:00:00+00:00,0.0046959788170033,0.006321872220331146,0.0049018013415706,0.004978955985639556,0.005156776402145624,0.004497907590121031
2024-06-26 04:00:00+00:00,0.0046891936208691,0.006183191760209899,0.004611872062532974,0.004943425546210186,0.004892539232969284,0.004488977137953043
2024-06-27 04:00:00+00:00,0.0044215930151313,0.006063484891186989,0.004616372630085814,0.005341967018466544,0.0046390751376748085,0.004432077519595623
2024-06-28 04:00:00+00:00,0.0040551182292489,0.006214258485937271,0.004594496351375447,0.005072411563927962,0.004408574663102627,0.004340198822319508
2024-07-01 04:00:00+00:00,0.0039413791398384,0.0061189228159365125,0.004194973940700542,0.004735011066442858,0.004384886939078569,0.004219460301101208
2024-07-02 04:00:00+00:00,0.0039890199302592,0.006278370157604405,0.004152496233289673,0.004995471722479767,0.004208950791507959,0.004153074696660042
2024-07-03 04:00:00+00:00,0.004044892214255,0.00630787670574801,0.004183532446711053,0.004715374841811565,0.00398960430175066,0.004132656846195459
2024-07-05 04:00:00+00:00,0.0034358777216196,0.006361546183338387,0.0041895845615775055,0.004777807104579306,0.0038561911787837744,0.004088226240128279
2024-07-08 04:00:00+00:00,0.0034130876362782,0.006212598397673942,0.003563103646604942,0.005660056662348462,0.0037808672059327364,0.004048631060868502
2024-07-09 04:00:00+00:00,0.0037737631447098,0.006088407150676886,0.003563103646604942,0.0053684495124344,0.00371726811863482,0.003934743348509073
2024-07-10 04:00:00+00:00,0.0045062827528955,0.006785057086515445,0.003861279078481753,0.0052695905738885706,0.0036889261100441217,0.0038141754921525717
2024-07-11 04:00:00+00:00,0.0045706594010973,0.007387725248381561,0.004601713613961553,0.0052838560308254585,0.0036141618620604277,0.003812043694779277
2024-07-12 04:00:00+00:00,0.0043361959933228,0.007255308882521781,0.004604940104977748,0.005665582718226382,0.00422020023688674,0.003927127458155155
2024-07-15 04:00:00+00:00,0.0044484266814821,0.006998263874084746,0.0045527247918207125,0.006945648140611994,0.004502883180975914,0.004188746679574251
2024-07-16 04:00:00+00:00,0.0056484200932325,0.0070071152786901235,0.004596132025450779,0.007005096329789783,0.004674625117331743,0.004408478271216154
2024-07-17 04:00:00+00:00,0.0057960721254614,0.00852196047309605,0.006035578016419503,0.006428155483797692,0.004716014489531517,0.004581748507916927
2024-07-18 04:00:00+00:00,0.0060182185801867,0.008613622688843145,0.006038497364965723,0.006509181120641993,0.005582804791629314,0.0049499329179525375
2024-07-19 04:00:00+00:00,0.0064058523235935,0.008607754753117765,0.006035484381820448,0.006548433911308727,0.006486380472779274,0.005390746518969536
2024-07-22 04:00:00+00:00,0.0064057783690255,0.00881149355155663,0.006471637349041689,0.006485930358972457,0.007155337370932102,0.005818091798573732
2024-07-23 04:00:00+00:00,0.0082829347075593,0.00835183001919814,0.0064659873264068,0.006422912557966497,0.006848055869340897,0.006333617493510246
2024-07-24 04:00:00+00:00,0.0082948303452776,0.01157607710234781,0.008433566615272675,0.008649235090691348,0.006887086201459169,0.006625425536185503
2024-07-25 04:00:00+00:00,0.0086678149467773,0.010935091948313084,0.008492041736491525,0.008677551399102692,0.008604714646935463,0.007043224759399891
2024-07-26 04:00:00+00:00,0.0086672590683836,0.010749414010240106,0.008564300252083993,0.0090870601599427,0.009496694430708885,0.007954718545079231
2024-07-29 04:00:00+00:00,0.0086892917936137,0.010000352907275984,0.00856255953723174,0.008828347839746044,0.009187418967485428,0.008871749974787235
2024-07-30 04:00:00+00:00,0.0093431831638293,0.009565734226454247,0.008620849112885477,0.009047492367722275,0.009147955104708672,0.00937242154031992
2024-07-31 04:00:00+00:00,0.0097345085153026,0.010317615168546417,0.009254121244363152,0.009393190616256283,0.009382868185639381,0.009738677181303501
2024-08-01 04:00:00+00:00,0.0103959715592568,0.010894286514323627,0.00968536659539134,0.009784019986320733,0.009164671413600445,0.009746984578669071
2024-08-02 04:00:00+00:00,0.011993780347657,0.012178786341596259,0.010993147973131893,0.011054458478819083,0.009808559902012348,0.010372186079621315
2024-08-05 04:00:00+00:00,0.0123301400466811,0.015661256800561126,0.012119158548017617,0.012366198825530245,0.010923152789473534,0.011402738280594349
2024-08-06 04:00:00+00:00,0.0123431394119348,0.014719192523696563,0.01252163917862207,0.012576912449206239,0.012255270965397358,0.013055039569735527
2024-08-07 04:00:00+00:00,0.0133033251645207,0.013850108273597622,0.01256358833233813,0.012853930741332132,0.012645170092582703,0.01405992079526186
2024-08-08 04:00:00+00:00,0.0133207819691643,0.014826151200941723,0.013642251167630718,0.013782401038739544,0.012868953868746758,0.014745282009243965
2024-08-09 04:00:00+00:00,0.0132179860582824,0.013672962216888346,0.013644655826075075,0.013621860924663274,0.012921963818371296,0.014848192222416401
2024-08-12 04:00:00+00:00,0.0138233310223953,0.01258972556219108,0.013467143153725712,0.01364063447340398,0.01332995854318142,0.014978861436247826
2024-08-13 04:00:00+00:00,0.0137599638112638,0.01284755218048272,0.013845450526023777,0.01386001365522328,0.013535404577851295,0.015261136926710606
2024-08-14 04:00:00+00:00,0.0139861623191161,0.011895153085588963,0.013794879730766901,0.01372963497745225,0.013776885345578194,0.015042011626064777
2024-08-15 04:00:00+00:00,0.0138881323555316,0.012187760833365422,0.01384292888240513,0.013794625418080303,0.013911942951381207,0.01500884722918272
2024-08-16 04:00:00+00:00,0.0139347918852232,0.011274798773540786,0.013822689415623281,0.013815382145801344,0.013992991298437119,0.014631387777626514
2024-08-19 04:00:00+00:00,0.0137606282790297,0.010892777122492725,0.013607237535813586,0.013649245266884597,0.014059353619813919,0.014504775404930115
2024-08-20 04:00:00+00:00,0.0137799434431322,0.010177180897220733,0.013387540788067769,0.013451728670826238,0.014049134217202663,0.01384071446955204
2024-08-21 04:00:00+00:00,0.0128524761189126,0.009566248647170227,0.013352265325093293,0.013202616187441047,0.01403055340051651,0.013397721573710442
2024-08-22 04:00:00+00:00,0.0129484194258617,0.009601006978615415,0.01268533288132911,0.012690270141355575,0.013892113231122494,0.012750277295708656
2024-08-23 04:00:00+00:00,0.0128250481579944,0.009700696953130738,0.012713748876367725,0.012063952899965131,0.013645268976688385,0.012436140328645706
2024-08-26 04:00:00+00:00,0.012824525747992,0.009191729073262616,0.012668200562439627,0.012495649012374824,0.013259965926408768,0.011758144944906235
2024-08-27 04:00:00+00:00,0.0128517846010187,0.008640040532148563,0.012668200562439627,0.012250188165141078,0.012793251313269138,0.011436748318374157
2024-08-28 04:00:00+00:00,0.0124264372734982,0.008505512371218472,0.012689188977472243,0.012189997464278261,0.012162168510258198,0.011048014275729656
2024-08-29 04:00:00+00:00,0.0121317199627994,0.008048731235525042,0.012239237565160044,0.012003029146465572,0.011579521931707859,0.010965130291879177
2024-08-30 04:00:00+00:00,0.0123810013778065,0.008273635271916054,0.011930847152545216,0.011596372272227566,0.010821008123457432,0.010616310872137547
2024-09-03 04:00:00+00:00,0.0100272585065433,0.011020828373626692,0.012298399603578253,0.012150822693775586,0.009602892212569714,0.0099843954667449
2024-09-04 04:00:00+00:00,0.0099614946381711,0.010277058922442121,0.010754949226216464,0.010431971752447559,0.010000280104577541,0.010595109313726425
2024-09-05 04:00:00+00:00,0.0106491781867172,0.009683671773247728,0.010113372007631733,0.010140026103381307,0.009971014223992825,0.010905479080975056
2024-09-06 04:00:00+00:00,0.0097926244568457,0.011078975782350464,0.011005304701066199,0.010822493012866795,0.009838588535785675,0.011066977865993977
2024-09-09 04:00:00+00:00,0.0097893598164574,0.010924501688787388,0.010223534177733267,0.010327498033768092,0.01059784833341837,0.011588240042328835
2024-09-10 04:00:00+00:00,0.0099893745811221,0.010227490814384706,0.010183858533564544,0.010222219592868773,0.010220488533377647,0.011622576043009758
2024-09-11 04:00:00+00:00,0.0094926046870737,0.010114395048383386,0.010696272463044292,0.010480711577281534,0.009707235731184483,0.011485216207802296
2024-09-12 04:00:00+00:00,0.009518929479235,0.009710592447174359,0.009503634509564811,0.00956988163468485,0.009311389178037643,0.011119771748781204
2024-09-13 04:00:00+00:00,0.0089179091109757,0.009219905835034998,0.009456591094862885,0.009524211138055027,0.009289042092859745,0.010847806930541992
2024-09-16 04:00:00+00:00,0.0089140303918488,0.008662290297128667,0.008972083122757598,0.008977408892063313,0.009013990871608257,0.01059985626488924
2024-09-17 04:00:00+00:00,0.0086996196306135,0.008180638765427834,0.00893404594806763,0.008896810294824527,0.008926915936172009,0.010215871036052704
2024-09-18 04:00:00+00:00,0.0094155526517534,0.00787462573693273,0.008542778896268319,0.008787672587144786,0.008946994319558144,0.009510642848908901
2024-09-19 04:00:00+00:00,0.0094053924905161,0.009307125458270935,0.009296244420785207,0.009579926938640473,0.009200980886816978,0.00890437699854374
2024-09-20 04:00:00+00:00,0.0091481993027912,0.008794700562821623,0.00924443590858484,0.009593912715796349,0.009333017282187939,0.00837355013936758
2024-09-23 04:00:00+00:00,0.0088548614012612,0.00831723794142332,0.009067623735078236,0.00917211455035337,0.009715103544294834,0.008140293881297112
2024-09-24 04:00:00+00:00,0.0088302038281948,0.007897535884090777,0.008886472659144252,0.008847785354809333,0.009835503995418549,0.007983819581568241
2024-09-25 04:00:00+00:00,0.0088559497197421,0.007580000488868018,0.008583295699410463,0.008786456565832141,0.009696069173514843,0.007826087065041065
2024-09-26 04:00:00+00:00,0.0087282268016804,0.0073238269503569445,0.008852983236883903,0.00907453206682501,0.009453002363443375,0.0077077788300812244
2024-09-27 04:00:00+00:00,0.0087469140010701,0.007067339693861613,0.00842574356962031,0.008500330864500786,0.008632048033177853,0.007415199652314186
2024-09-30 04:00:00+00:00,0.0088166411216959,0.006902744943290751,0.008427565302901553,0.008484633472676787,0.007965942844748497,0.007101256866008043
2024-10-01 04:00:00+00:00,0.0072589305819892,0.007567228935559433,0.008544287596159671,0.008417822153922254,0.007273535709828138,0.006836853455752134
2024-10-02 04:00:00+00:00,0.0072606565012512,0.007239415274033165,0.007245542767029057,0.007088096309703582,0.007285410538315773,0.006680652499198914
2024-10-03 04:00:00+00:00,0.0073540837175771,0.007013605827727005,0.007182481352119051,0.006916698974990162,0.007097138091921806,0.006594082806259394
2024-10-04 04:00:00+00:00,0.006464516422916,0.007308374946219995,0.007235392226255569,0.00714929895464272,0.006796186789870262,0.006478169001638889
2024-10-07 04:00:00+00:00,0.0063453996060538,0.007914705251170334,0.006429088219875947,0.006482436833153619,0.0063450695015490055,0.0064503829926252365
2024-10-08 04:00:00+00:00,0.006414035444564,0.008114576537150055,0.00643021000821992,0.006378303414099102,0.006529168225824833,0.006394011899828911
2024-10-09 04:00:00+00:00,0.0062062818692408,0.007993779346671755,0.006451472783897382,0.006389561677141944,0.006291364319622517,0.006447036284953356
2024-10-10 04:00:00+00:00,0.0061495857273323,0.007671633007971191,0.0062854916876665876,0.006205335580061898,0.006129924673587084,0.0064793722704052925
2024-10-11 04:00:00+00:00,0.0062353927473125,0.00753355063261448,0.006195528432874443,0.006087848328225666,0.006219306495040655,0.006505190394818783
2024-10-14 04:00:00+00:00,0.0065768559611537,0.007574893218146849,0.0062695311871845474,0.006088735624572604,0.006165280006825924,0.00649960245937109
2024-10-15 04:00:00+00:00,0.0066051162342987,0.00782876124598988,0.0065573537418128795,0.006470980723398302,0.005941018927842379,0.006399198435246944
2024-10-16 04:00:00+00:00,0.0065360294853339,0.007569467036493123,0.0065496252126621005,0.006354689657279746,0.006235023494809866,0.006374334916472435
2024-10-17 04:00:00+00:00,0.0055972205828316,0.007246257369491113,0.006534324146287126,0.0064012357847714075,0.006292963866144419,0.006364259868860245
2024-10-18 04:00:00+00:00,0.0055939080378223,0.007038614411838131,0.005932249132850159,0.005687285249335863,0.006380327511578798,0.006324270740151405
2024-10-21 04:00:00+00:00,0.0055940467455171,0.006851100283988791,0.00586706226873705,0.005677822190042756,0.006326800677925348,0.006228791084140539
2024-10-22 04:00:00+00:00,0.0060162903065873,0.006642875219112052,0.005831018397119867,0.005663677351033414,0.0063101439736783504,0.006072626449167728
2024-10-23 04:00:00+00:00,0.0060000254017894,0.0073520943919086305,0.006000914088434838,0.005893537964577651,0.0061576454900205135,0.005838858895003796
2024-10-24 04:00:00+00:00,0.0059549261781544,0.007062588656084553,0.006005901904762698,0.005888940295851088,0.006406736560165882,0.005710415542125702
2024-10-25 04:00:00+00:00,0.0059577690913495,0.006817508481265776,0.005963138529032696,0.005890739811152455,0.006370035000145435,0.005665571428835392
2024-10-28 04:00:00+00:00,0.0059075376341206,0.006622779486953107,0.005922278421965698,0.005819440407062734,0.006256537977606058,0.005595696624368429
2024-10-29 04:00:00+00:00,0.0055334726017456,0.006436168284963256,0.005913129686798012,0.0057730676048496745,0.006055330391973257,0.005527213681489229
2024-10-30 04:00:00+00:00,0.0070043057836043,0.006445819729666509,0.005554447882115269,0.005625171416316876,0.005845320411026478,0.0054423133842647076
2024-10-31 04:00:00+00:00,0.0070493413620188,0.009292575394134478,0.007214226074224387,0.007484787344455149,0.005625203251838684,0.005233640316873789
2024-11-01 04:00:00+00:00,0.0067864737580411,0.008792763271937605,0.007261759417624825,0.00790971693103926,0.006895574275404215,0.005390141159296036
2024-11-04 05:00:00+00:00,0.0069577409413825,0.008392275276300983,0.006672113579539816,0.006879740289655191,0.007174888160079718,0.005809208378195763
2024-11-05 05:00:00+00:00,0.0085614951831044,0.008850809236413832,0.0070141380433231875,0.007114731931894171,0.007258047349750996,0.006158218719065189
2024-11-06 05:00:00+00:00,0.0085721535049192,0.01179590903157132,0.008531475663347329,0.008744550924271744,0.006824522744864225,0.006549187935888767
2024-11-07 05:00:00+00:00,0.0085461133372188,0.011150339639528677,0.008528740761283161,0.008692023769202624,0.007017701398581266,0.007162721827626228
2024-11-08 05:00:00+00:00,0.008490259363811,0.010398841272155715,0.008513360363945174,0.008715684787883123,0.007331949658691883,0.007681412156671286
2024-11-11 05:00:00+00:00,0.0084189277173512,0.00969232445728565,0.008462322861153256,0.008578309165597452,0.007745197508484125,0.00806063786149025
2024-11-12 05:00:00+00:00,0.0081872123323606,0.009170867314406438,0.008401565723087838,0.008510242855506278,0.008091116324067116,0.008325501345098019
2024-11-13 05:00:00+00:00,0.0083055187538772,0.008622431573632336,0.008304135118342952,0.00826342588219777,0.00852995179593563,0.00859576091170311
2024-11-14 05:00:00+00:00,0.0088619490246236,0.008498217631567774,0.008357941234604094,0.008307561553257322,0.008610543794929981,0.00863222312182188
2024-11-15 05:00:00+00:00,0.0088608311818608,0.009431521258321323,0.00898132484727432,0.008852771896787983,0.008759346790611744,0.008544666692614555
2024-11-18 05:00:00+00:00,0.0088834234908475,0.00890576098172641,0.008976407564565195,0.008910934316492092,0.009389433078467846,0.008787784725427628
2024-11-19 05:00:00+00:00,0.0088813309736185,0.008453396592411332,0.008975064259025353,0.008821484055007841,0.00968241784721613,0.008810323663055897
2024-11-20 05:00:00+00:00,0.008645919891978,0.008002821290028182,0.008901889279261194,0.008727976811740637,0.009859764948487282,0.00861106626689434
2024-11-21 05:00:00+00:00,0.0086576892362158,0.007758433427419068,0.008489291007517772,0.008531572778662531,0.009929916821420193,0.008203207515180111
2024-11-22 05:00:00+00:00,0.0086574931791864,0.00744936200006771,0.008454372612578346,0.008558583033492603,0.00976029597222805,0.007880565710365772
2024-11-25 05:00:00+00:00,0.0087042816076331,0.00716950728226409,0.00846063029895271,0.008527893181655984,0.00925123505294323,0.007558933924883604
2024-11-26 05:00:00+00:00,0.0087836964263871,0.007090141509316493,0.008500718783530066,0.008290793061419575,0.008659062907099724,0.007191237062215805
2024-11-27 05:00:00+00:00,0.0087632362808674,0.007023413669441842,0.008558023661361465,0.00837106896057465,0.008109761402010918,0.006850420497357845
2024-11-29 05:00:00+00:00,0.0073913317508102,0.006960275583614079,0.00854535020207082,0.008346591489846756,0.007943538948893547,0.0065760985016822815
2024-12-02 05:00:00+00:00,0.0074015360854359,0.006737343719690077,0.007246742918961938,0.007257759663187872,0.007585737854242325,0.006422855891287327
2024-12-03 05:00:00+00:00,0.0073295154414101,0.00653076098462342,0.007256957658104115,0.00716562178529519,0.007079153321683407,0.006225209217518568
2024-12-04 05:00:00+00:00,0.0070879714333556,0.00659553926676685,0.007199849671089601,0.007215467166211256,0.006587665062397718,0.005976534448564053
2024-12-05 05:00:00+00:00,0.004839847150209,0.006482918831348309,0.007147876547934695,0.007054058138428747,0.005998849868774414,0.005777865648269653
2024-12-06 05:00:00+00:00,0.0048864787041163,0.006337218318942619,0.00491877144778292,0.005167378354488778,0.005617130547761917,0.005525586660951376
2024-12-09 05:00:00+00:00,0.004892034731551,0.0066648403553885086,0.005089498624755791,0.005117959092285903,0.0051276301965117455,0.005241687875241041
2024-12-10 05:00:00+00:00,0.005181369969939,0.006608144204833218,0.005014981017980143,0.00496337995548298,0.0050109680742025375,0.004979818128049374
2024-12-11 05:00:00+00:00,0.0052962803793189,0.0068874708298890235,0.005232124190472211,0.005273389120413238,0.004961740225553513,0.004879986401647329
2024-12-12 05:00:00+00:00,0.0052973137824839,0.0070128817545356435,0.005242609707926343,0.005118811131080704,0.0046335067600011826,0.004914605058729649
2024-12-13 05:00:00+00:00,0.0051181347464463,0.006770048586523995,0.005152750630956666,0.005159860396553741,0.004755857400596142,0.0049634939059615135
2024-12-16 05:00:00+00:00,0.0041192553039611,0.006630347444008736,0.00513345156890018,0.005216232044837777,0.004749590996652842,0.005025443620979786
2024-12-17 05:00:00+00:00,0.0079468976660949,0.006651390162152574,0.004216204443209513,0.004525120981284254,0.00456696841865778,0.005056865978986025
2024-12-18 05:00:00+00:00,0.0078910801205713,0.01250876022933831,0.008210033979561115,0.008374587692521404,0.0046039121225476265,0.0050147282890975475
2024-12-19 05:00:00+00:00,0.00826259106714,0.011570069051189373,0.008197604600642618,0.008871091689950521,0.0076064616441726685,0.005622957367449999
2024-12-20 05:00:00+00:00,0.0083341275191183,0.011256644488633304,0.008416993087397627,0.00868403027919246,0.008995241485536098,0.006581141613423824
2024-12-23 05:00:00+00:00,0.00863723924654,0.010674378750759755,0.008464356951962428,0.008468981647796959,0.008905453607439995,0.007724440656602383
2024-12-24 05:00:00+00:00,0.0086208649647208,0.010527465897234618,0.008561082842394974,0.009084863271883282,0.008521451614797115,0.00856860727071762
2024-12-26 05:00:00+00:00,0.0088806852810581,0.009816370603626244,0.008549198254161585,0.008916211210368691,0.008516293950378895,0.009038235992193222
2024-12-27 05:00:00+00:00,0.0091397183369122,0.010090457366440226,0.009005740724609775,0.00900982210589006,0.008456192910671234,0.009475568309426308
2024-12-30 05:00:00+00:00,0.0090517447975912,0.010259483733369271,0.009234235263586427,0.009176888079983424,0.008935033343732357,0.010025457479059696
2024-12-31 05:00:00+00:00,0.0090148722789152,0.00974096943111881,0.009198043907951883,0.009380736938329314,0.009642994962632656,0.010689103975892067
2025-01-02 05:00:00+00:00,0.0095114587114248,0.009182180690967755,0.009215393774561605,0.009493854475853944,0.01007359940558672,0.01105895172804594
2025-01-03 05:00:00+00:00,0.0094936173472589,0.009517769929617479,0.0095237922116768,0.009603680065952502,0.010174109600484371,0.011031034402549267
2025-01-06 05:00:00+00:00,0.0097553330578618,0.009061737431630764,0.009479959097544038,0.00952626929475622,0.010125639848411083,0.010584923438727856
2025-01-07 05:00:00+00:00,0.0097392110192226,0.009503002372631188,0.009684446372889056,0.01006502576775879,0.010169670917093754,0.009980836883187294
2025-01-08 05:00:00+00:00,0.0101748423456339,0.008910923244290776,0.009634739111358355,0.009788417086039393,0.010692065581679344,0.00995159987360239
2025-01-10 05:00:00+00:00,0.0101972578099129,0.01015439443832611,0.010108454896679407,0.010193152472985616,0.01082026306539774,0.0097551504150033
2025-01-13 05:00:00+00:00,0.0099756015780099,0.009480501913519571,0.010106971745742934,0.010239179990276664,0.011302043683826923,0.010071241296827793
2025-01-14 05:00:00+00:00,0.0108500879064794,0.008888998151627442,0.010020119196416745,0.010234648456361527,0.011223064735531807,0.010163380764424801
2025-01-15 05:00:00+00:00,0.010852173688913,0.010284062106115438,0.010308872661296476,0.010753914236486058,0.010873119346797466,0.009972210973501205
2025-01-16 05:00:00+00:00,0.0110660728034475,0.009650082578827508,0.010271463947330306,0.010740704057974395,0.010459234938025475,0.00958896242082119
2025-01-17 05:00:00+00:00,0.0112210016074761,0.009561080995625863,0.01053899831238795,0.010879481128307368,0.01037086546421051,0.009770408272743225
2025-01-21 05:00:00+00:00,0.0089396297403303,0.009357734003022181,0.010610515681058575,0.01089614634576793,0.009973076172173023,0.009710290469229221
2025-01-22 05:00:00+00:00,0.0089521728302502,0.008963542063837766,0.009042940129910892,0.00914220344077131,0.009545800276100636,0.00957911740988493
2025-01-23 05:00:00+00:00,0.0087747072124961,0.008573037034653704,0.009009761993123505,0.009072311947880786,0.00919828750193119,0.00923662818968296
2025-01-24 05:00:00+00:00,0.009325226400873,0.008206621937808774,0.008526254516148067,0.00882897047993763,0.008827176876366138,0.008780316449701786
2025-01-27 05:00:00+00:00,0.0092296302552984,0.009486341951491136,0.00920347779445839,0.009286998042568438,0.008706940338015556,0.008359339088201523
2025-01-28 05:00:00+00:00,0.0092912378860163,0.009341436628326299,0.00918178711798043,0.00919086892403164,0.009334067814052105,0.008524797856807709
2025-01-29 05:00:00+00:00,0.0089928095181788,0.008982562418668082,0.009188481672418152,0.00913512364607998,0.00940545555204153,0.008530685678124428
2025-01-30 05:00:00+00:00,0.0087081805019856,0.008587000960806713,0.009109863087256719,0.009158685711385292,0.009630381129682064,0.008730676956474781
2025-01-31 05:00:00+00:00,0.008840625699062,0.008375038120068115,0.00851209250233354,0.008880901361287165,0.009449394419789314,0.008593190461397171
2025-02-03 05:00:00+00:00,0.0089126237694159,0.008469126191858613,0.008759378906322052,0.008987263165256817,0.009443224407732487,0.008570368401706219
2025-02-04 05:00:00+00:00,0.0085645731742409,0.008299090395887642,0.008917371435771865,0.008918665897871367,0.009450971148908138,0.00861981138586998
2025-02-05 05:00:00+00:00,0.0085239684037157,0.007929910118552392,0.008522012475482751,0.008873777465523217,0.008923256769776344,0.008271267637610435
2025-02-06 05:00:00+00:00,0.0084141456374167,0.00760287328797535,0.008491965934539061,0.008734405675305285,0.008470680564641953,0.008023401722311974
2025-02-07 05:00:00+00:00,0.0085072088859922,0.008119385076247447,0.00845552908801263,0.008611828535394966,0.008096043020486832,0.0077957408502697945
2025-02-10 05:00:00+00:00,0.0076057824818865,0.007962048450717477,0.008515650514435565,0.008623971609940145,0.008281460963189602,0.007649002131074667
2025-02-11 05:00:00+00:00,0.0076735697220983,0.007575614650114004,0.007473086386698532,0.007845678387700318,0.008043330162763596,0.007540025282651186
2025-02-12 05:00:00+00:00,0.0078993466343697,0.007352287470054623,0.0075433118919191995,0.007788261982952821,0.007786015048623085,0.007372637279331684
2025-02-13 05:00:00+00:00,0.0070066768911486,0.0077727787726377395,0.007986561809885826,0.008102964530986181,0.007622541859745979,0.007184171117842197
2025-02-14 05:00:00+00:00,0.0069660624559049,0.007418498779941694,0.007180745371201919,0.007225511973000644,0.00732483109459281,0.007083513308316469
2025-02-18 05:00:00+00:00,0.0066991130522312,0.007125974780884554,0.007096227222224612,0.007013144395720188,0.007100345101207495,0.006917451974004507
2025-02-19 05:00:00+00:00,0.0065663169805748,0.00687572987151028,0.006558408672774607,0.006608350546874682,0.006829608231782913,0.006709333974868059
2025-02-20 05:00:00+00:00,0.0074837753871376,0.006893885883839803,0.0064850059561863994,0.006626944435174141,0.0065531195141375065,0.006480774842202663
2025-02-21 05:00:00+00:00,0.0074161386464073,0.009167335054434261,0.007494063660320583,0.0076454575759861455,0.006507132202386856,0.006225842051208019
2025-02-24 05:00:00+00:00,0.00744897714562,0.008857564181759436,0.007384316938161556,0.007401372281757944,0.007371063809841871,0.00630525778979063
2025-02-25 05:00:00+00:00,0.0067740416948805,0.0085723413005512,0.007494760583671981,0.007708810599787997,0.008035420440137386,0.006545680109411478
2025-02-26 05:00:00+00:00,0.007199361299956,0.008104185892607264,0.006659622486622135,0.0070713510043451085,0.008213255554437637,0.006765182130038738
2025-02-27 05:00:00+00:00,0.0080913715755258,0.009681681613449648,0.007292650713315186,0.007657929609410779,0.007825982756912708,0.006874591577798128
2025-02-28 05:00:00+00:00,0.0087769101178093,0.010415901745906583,0.008305708599512683,0.008482396077449663,0.008578605018556118,0.007010963745415211
2025-03-03 05:00:00+00:00,0.0090511446652648,0.011675134839626504,0.008667232180729286,0.009118453581043986,0.008132805116474628,0.007373654283583164
2025-03-04 05:00:00+00:00,0.0093962943435626,0.011752712933305473,0.009268759293316008,0.009661710214540634,0.009478704072535038,0.008002047426998615
2025-03-05 05:00:00+00:00,0.009862808871494,0.01144063143890838,0.009418290742553119,0.00957918804096297,0.01062818244099617,0.009294227696955204
2025-03-06 05:00:00+00:00,0.0099202798081069,0.012476069502615799,0.010314158111266467,0.010364109788656631,0.010442754253745079,0.010074242949485779
2025-03-07 05:00:00+00:00,0.0112063837311243,0.011632408903398317,0.010557021510044451,0.01066954964608918,0.011179153807461262,0.011151273734867573
2025-03-10 04:00:00+00:00,0.0111655198702495,0.014576996814484069,0.01124474528630839,0.012227369723449153,0.011020224541425705,0.011762814596295357
2025-03-11 04:00:00+00:00,0.0110875810536743,0.013713836807100794,0.01124474528630839,0.011883257191596167,0.011839821003377438,0.012946819886565208
2025-03-12 04:00:00+00:00,0.0112586183872734,0.012695756511808716,0.011189216907224223,0.012309625867211495,0.012224080041050911,0.013843442313373089
2025-03-13 04:00:00+00:00,0.0125646873960642,0.012812652216982448,0.011239090930991603,0.012031810418009247,0.012109246104955673,0.014184702187776566
2025-03-14 04:00:00+00:00,0.0123758271122155,0.013726368212069653,0.012852132164253379,0.012802253023625653,0.01233383733779192,0.014590772800147533
2025-03-17 04:00:00+00:00,0.0124436622878531,0.012774275043284777,0.012665266007198585,0.013378616512616546,0.01265257690101862,0.014491621404886246
2025-03-18 04:00:00+00:00,0.012787555134895,0.012462351772472315,0.012760233938164249,0.0132426317119857,0.012947287410497665,0.014371752738952637
2025-03-19 04:00:00+00:00,0.0127183640219062,0.012003569184454319,0.013193035651529983,0.013688313090239506,0.013232173398137093,0.01477429922670126
2025-03-20 04:00:00+00:00,0.012758961274284,0.011159006610883237,0.013072637132465469,0.013555321591973129,0.013472222723066807,0.014700431376695633
2025-03-21 04:00:00+00:00,0.0131543104515341,0.010360804952831497,0.012879423687255845,0.013375137976752445,0.013593398034572601,0.014720055274665356
2025-03-24 04:00:00+00:00,0.0131574292245844,0.01123712834573594,0.01318249823156048,0.014106179105530416,0.013580470345914364,0.014569666236639023
2025-03-25 04:00:00+00:00,0.0133085619416553,0.010431858793270899,0.012948603579686769,0.01351789783829885,0.013609004206955433,0.013796349987387657
2025-03-26 04:00:00+00:00,0.0133023660791584,0.010597593955108325,0.013261128239194411,0.013718909338737446,0.013534069061279297,0.01337150577455759
2025-03-27 04:00:00+00:00,0.0135333458861322,0.009976622905028897,0.01319864352495982,0.013586878965760002,0.013489700853824615,0.013571115210652351
2025-03-28 04:00:00+00:00,0.0130258579115613,0.011805644868149138,0.013546836743332492,0.013860379111117902,0.013346213847398758,0.01355368085205555
2025-03-31 04:00:00+00:00,0.0126332158277425,0.011046162290310217,0.012911336364147222,0.013277149397492576,0.013290774077177048,0.013969357125461102
2025-04-01 04:00:00+00:00,0.0125230061112178,0.01030830206279525,0.012742324400939602,0.013050954853084216,0.013020290993154049,0.01389486063271761
2025-04-02 04:00:00+00:00,0.016109609023053,0.009818738432322146,0.01242106055970074,0.012540149262074793,0.012698313221335411,0.013494294136762619
2025-04-03 04:00:00+00:00,0.0203003960115156,0.019797871378657926,0.01600736426389702,0.01618642799762486,0.012390515767037868,0.01291686948388815
2025-04-04 04:00:00+00:00,0.0201524886939366,0.02823338900101359,0.022331455192162564,0.021201767649231523,0.013558144681155682,0.014563707634806633
2025-04-07 04:00:00+00:00,0.0197008809933657,0.025666415358225773,0.022240125831032378,0.022389719274266053,0.018673600628972054,0.016871005296707153
2025-04-08 04:00:00+00:00,0.0288309799453093,0.024044788883394973,0.020430161717264937,0.02271749375608907,0.021998677402734756,0.018956083804368973
2025-04-09 04:00:00+00:00,0.0297362775839965,0.03811215378903301,0.043398527357722545,0.0399538446445143,0.024851961061358452,0.020430149510502815
2025-04-10 04:00:00+00:00,0.0299563095019272,0.036755671996878625,0.04458303741968683,0.04028828559096726,0.026890670880675316,0.021186865866184235
2025-04-11 04:00:00+00:00,0.02959972681052,0.03384117797962388,0.04352240031321349,0.037712651067235085,0.03103797882795334,0.02242332510650158
2025-04-14 04:00:00+00:00,0.0295374092704671,0.030790270501729382,0.04134544618547848,0.03767867084351959,0.034567803144454956,0.023448972031474113
2025-04-15 04:00:00+00:00,0.0298194521627633,0.027960118692916872,0.03205083509481004,0.034834813437686796,0.037288665771484375,0.024252193048596382
2025-04-16 04:00:00+00:00,0.0296735052361934,0.0266832171802214,0.027757495357353487,0.03312183663490554,0.03963219001889229,0.024938475340604782
2025-04-17 04:00:00+00:00,0.0300034360820403,0.02424586103507352,0.026203106562275657,0.03335605092076014,0.042197149246931076,0.025675002485513687
2025-04-21 04:00:00+00:00,0.0306632104304359,0.023670829264748235,0.026103696694488844,0.03339084783783366,0.0437663234770298,0.026051273569464684
2025-04-22 04:00:00+00:00,0.0306310891039426,0.023072673089862022,0.026113656651208066,0.032725540590613895,0.044768258929252625,0.02630738355219364
2025-04-23 04:00:00+00:00,0.0310423951675325,0.02168274869553083,0.02612308308104542,0.03164355338463077,0.044787418097257614,0.026263665407896042
2025-04-24 04:00:00+00:00,0.0310450914540473,0.02083313145935226,0.026072601255661694,0.030097208741519835,0.04366537556052208,0.02587655372917652
2025-04-25 04:00:00+00:00,0.0310460770213866,0.01911604852703205,0.025694358731034296,0.029012546145381204,0.04116038605570793,0.025143425911664963
2025-04-28 04:00:00+00:00,0.0307844174748974,0.017446789695124008,0.025489906629580162,0.027049631517021003,0.03795367851853371,0.024468587711453438
2025-04-29 04:00:00+00:00,0.0307596479446207,0.016040107664824547,0.02501306242718841,0.025114062287258702,0.034997716546058655,0.023967526853084564
2025-04-30 04:00:00+00:00,0.0307813519219407,0.014695806389113903,0.02473918882322942,0.02495391619269334,0.03283322602510452,0.023375561460852623
2025-05-01 04:00:00+00:00,0.0309188339591083,0.013622312186534558,0.02452275307111084,0.02461140009385281,0.030983231961727142,0.02281937748193741
2025-05-02 04:00:00+00:00,0.0288092569356583,0.01340879615528775,0.024491177240721786,0.024587223103757418,0.02905614674091339,0.022059567272663116
2025-05-05 04:00:00+00:00,0.024989248973479,0.012611311214958234,0.023391180243182753,0.02426756476290833,0.027210582047700882,0.02112257480621338
2025-05-06 04:00:00+00:00,0.0249369709745876,0.012025753806543166,0.02203222425162383,0.02372423077795498,0.0253836028277874,0.02046039141714573
2025-05-07 04:00:00+00:00,0.0244730524380225,0.01118788509678712,0.022041650681461182,0.0233879733666935,0.023491758853197098,0.019899461418390274
2025-05-08 04:00:00+00:00,0.0148921465693669,0.010521140602123938,0.022011777171352616,0.02271180657354239,0.021410292014479637,0.01911064051091671
2025-05-09 04:00:00+00:00,0.0137334936496927,0.009816454371974027,0.014743614114331255,0.015206265005971971,0.019277840852737427,0.018172722309827805
2025-05-12 04:00:00+00:00,0.0134224123615059,0.014168417422901486,0.013906512828122441,0.014282240272466239,0.017199482768774033,0.01708206534385681
2025-05-13 04:00:00+00:00,0.0134172712778275,0.01320739171200008,0.01382250236560116,0.014536707135469548,0.01564282737672329,0.0154481902718544
2025-05-14 04:00:00+00:00,0.013350659063553,0.012172463968524219,0.013763498163620148,0.01457841634659751,0.014391129836440086,0.014636614359915257
2025-05-15 04:00:00+00:00,0.0118283648641508,0.011309451551279893,0.013559782431616065,0.015692697709459004,0.013438636437058449,0.01455271802842617
2025-05-16 04:00:00+00:00,0.0118372742026662,0.010700487000620944,0.01186597117783753,0.014299145427414511,0.012749250046908855,0.01451468002051115
2025-05-19 04:00:00+00:00,0.0099981696135577,0.009957269070499077,0.011846220495505372,0.016603409083375723,0.012250108644366264,0.014255926944315434
2025-05-20 04:00:00+00:00,0.0102968252817034,0.00945499674430811,0.010694457048522473,0.015213687383929052,0.011743628419935703,0.014063476584851742
2025-05-21 04:00:00+00:00,0.0099893715216406,0.010689498756708358,0.010952964854389393,0.01553720592119485,0.01157368067651987,0.013802340254187584
2025-05-22 04:00:00+00:00,0.0095309111591854,0.00995921176095652,0.010712785353744626,0.015313309710585872,0.01210587378591299,0.013896562159061432
2025-05-23 04:00:00+00:00,0.0102365696492803,0.009680281459793869,0.009476583445868145,0.014926882943782735,0.012618917971849442,0.013823341578245163
2025-05-27 04:00:00+00:00,0.0104062198068585,0.011271031935343257,0.010906564926547508,0.015175734876023406,0.013239052146673203,0.013758459128439426
2025-05-28 04:00:00+00:00,0.0103896381557519,0.010701910538794624,0.010961556219297649,0.015479175537382166,0.01317378506064415,0.013219931162893772
2025-05-29 04:00:00+00:00,0.0104060030369287,0.010014992947808261,0.010954172597899194,0.015585778021499509,0.013455783016979694,0.013021760620176792
2025-05-30 04:00:00+00:00,0.0103808156286666,0.009362584679140439,0.010958432279215904,0.014211936745852267,0.01334422081708908,0.012732108123600483
2025-06-02 04:00:00+00:00,0.0100489799878883,0.008853705538007614,0.010942532638351852,0.013777783681152853,0.013160690665245056,0.01252786535769701
2025-06-03 04:00:00+00:00,0.0098656906437578,0.008510729637072655,0.010774354083992266,0.013689224723258429,0.012761705555021763,0.012182507663965225
2025-06-04 04:00:00+00:00,0.0097517571081972,0.008051678130733186,0.010225873888288705,0.013329631663099391,0.012087082490324974,0.011700077913701534
2025-06-05 04:00:00+00:00,0.0098837660451161,0.007949680191516761,0.009683027450936162,0.012978897717835315,0.011606346815824509,0.011166173964738846
2025-06-06 04:00:00+00:00,0.0098728339896737,0.008219981797991657,0.009933583453169427,0.012993713759037495,0.011384760029613972,0.01069605816155672
2025-06-09 04:00:00+00:00,0.0098552800486212,0.007794884828514086,0.009826621536504298,0.012954249964594478,0.011023101396858692,0.009863307699561119
2025-06-10 04:00:00+00:00,0.0073504381092195,0.007593325936607019,0.009779609036684924,0.012912123951061371,0.01076581422239542,0.009268551133573055
2025-06-11 04:00:00+00:00,0.0072531404921101,0.007368423078077878,0.007363009540398256,0.0105752424483251,0.010347460396587849,0.00852237455546856
2025-06-12 04:00:00+00:00,0.007759681386465,0.0071342106304487065,0.0073208547567428185,0.010517221443679049,0.009931512176990509,0.008014235645532608
2025-06-13 04:00:00+00:00,0.0079569831730566,0.008083649610152885,0.007630841299099149,0.010947890536092568,0.009249047376215458,0.007578620221465826
2025-06-16 04:00:00+00:00,0.0080780533968762,0.008212899341417449,0.008031712472907723,0.011141354673267413,0.00913077313452959,0.007385799661278725
2025-06-17 04:00:00+00:00,0.0080771929419092,0.008434592407744393,0.008108149779172649,0.01115054566921291,0.008615871891379356,0.007334905210882425
2025-06-18 04:00:00+00:00,0.0080431780652348,0.007991993752668403,0.008115081742802737,0.00994059511084529,0.008539354428648949,0.007410197053104639
2025-06-20 04:00:00+00:00,0.0073402272786207,0.007675347619584962,0.008103592456206727,0.010156689667508281,0.008265282958745956,0.007497325539588928
2025-06-23 04:00:00+00:00,0.0076160005529848,0.007913478220562578,0.00733037388548015,0.008615599354579192,0.007961010560393333,0.007540068123489618
2025-06-24 04:00:00+00:00,0.0073679803348111,0.008309179436354447,0.007507985953053226,0.008514434719972697,0.007488411385565996,0.007518545258790255
2025-06-25 04:00:00+00:00,0.0062811571127426,0.0078786769799666,0.0073311120713230185,0.008245359033417658,0.007069145329296589,0.007443076465278864
2025-06-26 04:00:00+00:00,0.0060909323507919,0.007889489896340505,0.0063768265867038265,0.008629710698731337,0.0068834759294986725,0.0073523977771401405
2025-06-27 04:00:00+00:00,0.0061125948561426,0.007654692455107907,0.006092453068064697,0.008041930564178588,0.006675611715763807,0.007153804413974285
2025-06-30 04:00:00+00:00,0.0061369740012002,0.007453442210161891,0.0061184169709281085,0.008776770071660651,0.006508354097604752,0.006916040554642677
2025-07-01 04:00:00+00:00,0.0061481591759776,0.00717250219563041,0.00622568964497614,0.00947445680887567,0.0063900877721607685,0.006656548008322716
2025-07-02 04:00:00+00:00,0.006243794480358,0.007021690661765804,0.0061910899561197705,0.010423506192023145,0.006429929751902819,0.006397464778274298
2025-07-03 04:00:00+00:00,0.0066229230156393,0.0072352201914509,0.006251651450286103,0.01004121098908186,0.00638190982863307,0.006145087070763111
2025-07-07 04:00:00+00:00,0.0064430784368597,0.007596653503884636,0.006540090429046361,0.011154937552234004,0.006250615697354078,0.0059281159192323685
2025-07-08 04:00:00+00:00,0.0062453955660519,0.007281981299753298,0.006436309223633183,0.01102998785853494,0.006658549420535564,0.005832492373883724
2025-07-09 04:00:00+00:00,0.0062416819044961,0.00721118344858724,0.006333578568105667,0.010717101621382239,0.006870299112051725,0.005834448151290417
2025-07-10 04:00:00+00:00,0.0063002454857063,0.006958321109484478,0.006323721177497309,0.01003459169968399,0.006763863377273083,0.005872990936040878
2025-07-11 04:00:00+00:00,0.0062179270960195,0.006875046510794166,0.00637075044691455,0.010853550889363508,0.006598965264856815,0.00584700470790267
2025-07-14 04:00:00+00:00,0.0063294148429703,0.006646884081274635,0.006273188796674711,0.01042245326051557,0.0065104844979941845,0.005797240883111954
2025-07-15 04:00:00+00:00,0.0056012703878668,0.006673005096385562,0.006401421092870002,0.009388783413184004,0.006213551852852106,0.0056725116446614265
2025-07-16 04:00:00+00:00,0.0054122659979924,0.006521047904527142,0.0059279502851210504,0.008997664814801827,0.006076011341065168,0.00555479945614934
2025-07-17 04:00:00+00:00,0.0048906224858206,0.006528862268910895,0.005611011239921796,0.0089991609670351,0.005737905856221914,0.005424678325653076
2025-07-18 04:00:00+00:00,0.0048567687110834,0.0063630178115204475,0.00500049922018824,0.008205435775648669,0.005410206504166126,0.005337375216186047
2025-07-21 04:00:00+00:00,0.0047583788309134,0.006215796217553921,0.004929710595606223,0.008192759933900246,0.005226945038884878,0.005166573449969292
2025-07-22 04:00:00+00:00,0.0046436783698003,0.006091592528175881,0.004825006387240385,0.008191681909879572,0.005046465899795294,0.0049908957444131374
2025-07-23 04:00:00+00:00,0.0042280172366553,0.006440389551938892,0.00460769038410334,0.007932244091598024,0.0048356628976762295,0.004779909271746874
2025-07-24 04:00:00+00:00,0.0042192435881396,0.0062792045917731,0.004283247152204457,0.0077491741936318356,0.004581637214869261,0.00464741000905633
2025-07-25 04:00:00+00:00,0.0040293084459699,0.006232651848334871,0.004263415903420784,0.008196246965993626,0.004482357297092676,0.004481832031160593
2025-07-28 04:00:00+00:00,0.0040872359938485,0.006110514053984982,0.0041895845615775055,0.007804319707744726,0.004347412381321192,0.004340599291026592
2025-07-29 04:00:00+00:00,0.0040398936682406,0.006153954702294382,0.0042112405842631324,0.007960163764617133,0.004296599421650171,0.004201378673315048
2025-07-30 04:00:00+00:00,0.0041516833738169,0.0060867920420632285,0.0041895845615775055,0.007661971695828958,0.00436873035505414,0.004094399511814117
2025-07-31 04:00:00+00:00,0.005505930002545,0.006196278526821694,0.0042312595277274245,0.00798116254697338,0.004310657735913992,0.004009382799267769
2025-08-01 04:00:00+00:00,0.0061173446094728,0.008482316634446518,0.005786492849627922,0.0077513411581493705,0.004314341116696596,0.003971402999013662
2025-08-04 04:00:00+00:00,0.0059460102859839,0.00932205458144045,0.006177790515607395,0.007079390651760303,0.005532789509743452,0.004245537333190441
2025-08-05 04:00:00+00:00,0.0061148049246268,0.008979882615235604,0.006099609090186881,0.0066349393151005605,0.00567640783265233,0.004910915624350309
2025-08-06 04:00:00+00:00,0.0060087003216322,0.008732123328051431,0.006146245078428074,0.006811881102149019,0.006313915364444256,0.005531160160899162
2025-08-07 04:00:00+00:00,0.0061963670330895,0.008259868001595203,0.006107869612607709,0.006239009801235683,0.006378476973623037,0.006064245011657476
2025-08-08 04:00:00+00:00,0.0061722852075218,0.008179881917345066,0.006324174779497755,0.006189225654239964,0.006627422291785479,0.0064515904523432255
2025-08-11 04:00:00+00:00,0.0065789985730681,0.007852024567614954,0.006260490632165633,0.006314388462268884,0.006520162336528301,0.006653361022472382
2025-08-12 04:00:00+00:00,0.0064761217227961,0.008294271293969244,0.006563311773290455,0.006535919098160998,0.006503770127892494,0.0066907284781336784
2025-08-13 04:00:00+00:00,0.0064728960550725,0.007898814638297105,0.006534178401460524,0.006520942555972193,0.006407598964869976,0.006681400816887617
2025-08-14 04:00:00+00:00,0.0064796975310544,0.0075216398982258115,0.006529569739909571,0.006533623428267008,0.006509971804916859,0.006645897403359413
2025-08-15 04:00:00+00:00,0.0064797954265591,0.007317566736304727,0.006527255132123644,0.006537643160465906,0.006759663578122854,0.0065611437894403934
2025-08-18 04:00:00+00:00,0.0066571841691512,0.007030132890230153,0.006487344705162447,0.0064301788587362765,0.0070659685879945755,0.006447005085647106
2025-08-19 04:00:00+00:00,0.0066944032588513,0.007177291985496777,0.00656534180471925,0.006504622447105893,0.007216900121420622,0.006321582477539778
2025-08-20 04:00:00+00:00,0.0065591803814913,0.007000089599704684,0.006571541666325504,0.006467392538709713,0.007360576651990414,0.006142199505120516
2025-08-21 04:00:00+00:00,0.0073310386361247,0.006966243667904545,0.0064861470233228335,0.006352117607995158,0.007274160161614418,0.005963966250419617
2025-08-22 04:00:00+00:00,0.0073717936891169,0.008320276488340047,0.007311438709261804,0.007273797306533493,0.007141518406569958,0.005772166885435581
2025-08-25 04:00:00+00:00,0.0074166744910703,0.008086645416095328,0.007302228911688841,0.007237453692821309,0.0069867814891040325,0.005932953674346209
2025-08-26 04:00:00+00:00,0.0073812464546357,0.007759010971988006,0.007355963249558653,0.007339797826840109,0.007336033042520285,0.006058643106371164
2025-08-27 04:00:00+00:00,0.0073820458986573,0.007415354106740584,0.007264734162462905,0.0071438861704406385,0.00737015251070261,0.00621456652879715
2025-08-28 04:00:00+00:00,0.0074920920770439,0.007145517788630572,0.0072663157590448215,0.0071103115470377955,0.007251338101923466,0.006307277362793684
2025-08-29 04:00:00+00:00,0.0066725902933094,0.007333406457042925,0.0073850796255522065,0.007367528574023491,0.006970519665628672,0.006327654700726271
2025-09-02 04:00:00+00:00,0.0060145263530534,0.007548012139804539,0.006595943972078821,0.0066562919791615235,0.0068450625985860825,0.006243807263672352
2025-09-03 04:00:00+00:00,0.0060718209621043,0.00735954378963376,0.006068341630517607,0.005973129262739917,0.006844485178589821,0.006178623531013727
2025-09-04 04:00:00+00:00,0.0060043666822928,0.007505710198453358,0.006088860259685234,0.00604292452064133,0.006529689766466618,0.006141885183751583
2025-09-05 04:00:00+00:00,0.0059939869515463,0.007321778831052851,0.006069832075900108,0.005956119508616783,0.0062583512626588345,0.00617029145359993
2025-09-08 04:00:00+00:00,0.0058132480115487,0.007035979764174894,0.0060456236668834165,0.005938441312970435,0.006324822548776865,0.006111125461757183
2025-09-09 04:00:00+00:00,0.0057751894924962,0.006808222701387199,0.006014170910274106,0.005822298741831987,0.006248125806450844,0.0060433861799538136
2025-09-10 04:00:00+00:00,0.0055562253425109,0.00662623223161093,0.005982530228116802,0.005737794033070811,0.006021762266755104,0.0059010740369558334
2025-09-11 04:00:00+00:00,0.0055420698499983,0.006942252050403134,0.00573968689499969,0.005653252310898405,0.00578234251588583,0.0057130190543830395
2025-09-12 04:00:00+00:00,0.0056025983948147,0.006720033371749998,0.005675204942258574,0.005385460809194066,0.005519934929907322,0.0055467248894274235
2025-09-15 04:00:00+00:00,0.0055563317241047,0.006642891002566236,0.0058475320957145464,0.005614079271356629,0.005455434788018465,0.005345434416085482
2025-09-16 04:00:00+00:00,0.005569310278509,0.006495160220596574,0.005627296009006837,0.005457492948287954,0.005338443908840418,0.005183342378586531
2025-09-17 04:00:00+00:00,0.0053839340950129,0.0063593213902852185,0.0056317247215241055,0.005459347549179712,0.0053552547469735146,0.005025165155529976
2025-09-18 04:00:00+00:00,0.0053454236786519,0.006351710084132161,0.005518654061859824,0.0054822234108590885,0.005371390376240015,0.004890535492449999
2025-09-19 04:00:00+00:00,0.0051884897727697,0.006352536274384113,0.005448922510145188,0.0056435854145488054,0.005135050043463707,0.004801378585398197
2025-09-22 04:00:00+00:00,0.004575196134409,0.006319990505957749,0.0050842145634624695,0.006003893257103262,0.0048576463013887405,0.004697185475379229
2025-09-23 04:00:00+00:00,0.0044970459613118,0.006571693653962684,0.004604940104977748,0.005276067156431936,0.004600487649440765,0.0045667667873203754
2025-09-24 04:00:00+00:00,0.0046644943390058,0.006523042221877942,0.0046001218047336395,0.005475631755728475,0.0046982415951788425,0.00442526675760746
2025-09-25 04:00:00+00:00,0.0047771367446273,0.006676733565806734,0.00460769038410334,0.00535016087953163,0.004788654390722513,0.0043632593005895615
2025-09-26 04:00:00+00:00,0.0047677365773639,0.0067006257460770794,0.004903366273926725,0.005579100473078473,0.004950891714543104,0.004410966765135527
2025-09-29 04:00:00+00:00,0.0044756332566465,0.006523985911673401,0.00489465958359763,0.005272895106807962,0.004739623516798019,0.004516484681516886
2025-09-30 04:00:00+00:00,0.0040287457082103,0.006441693740752045,0.0046001218047336395,0.005345468992735501,0.004546510986983776,0.00458315946161747
2025-10-01 04:00:00+00:00,0.0039833661396998,0.006337127381020861,0.0041895845615775055,0.00508573517163286,0.004363059066236019,0.004585180897265673
2025-10-02 04:00:00+00:00,0.0037208735231449,0.006193115341169204,0.004183532446711053,0.005323798971368682,0.004209880251437426,0.004518735222518444
2025-10-03 04:00:00+00:00,0.0035840902321836,0.006079355021841448,0.0038209962495416023,0.005089016081617228,0.00406322767958045,0.004377213306725025
2025-10-06 04:00:00+00:00,0.0037913212394027,0.006049864655317095,0.003568507207783933,0.006008734769763638,0.003966945689171553,0.004200407769531012
2025-10-07 04:00:00+00:00,0.0038966790812521,0.0061773607019049125,0.004059051174250056,0.005284285173437442,0.003851632820442319,0.004054705612361431
2025-10-08 04:00:00+00:00,0.0040045049271953,0.006289762274352042,0.00414326118224029,0.005407985250377484,0.003998439759016037,0.003924406599253416
2025-10-09 04:00:00+00:00,0.0072390588416419,0.00628505566148606,0.004185133127447047,0.005652014088291152,0.003998700994998217,0.003933087922632694
2025-10-10 04:00:00+00:00,0.008010556945127,0.011623095516908282,0.007576071840245654,0.007964070409942292,0.004161592572927475,0.0039169276133179665
2025-10-13 04:00:00+00:00,0.0079632303484255,0.011892561294691536,0.008170901507679747,0.008262127334122004,0.007256511133164167,0.004601871129125357
2025-10-14 04:00:00+00:00,0.0079974668031472,0.011042278951354746,0.008169622455690514,0.008152204576087986,0.008157446049153805,0.005859218072146177
2025-10-15 04:00:00+00:00,0.0081292277050194,0.010313310723501124,0.008150595145138096,0.008182733919543782,0.008831742219626904,0.006943241227418184
2025-10-16 04:00:00+00:00,0.0081433598841274,0.009941350246851059,0.0083584207084963,0.00867124752555825,0.008856669999659061,0.007849432528018951
2025-10-17 04:00:00+00:00,0.0083994700621071,0.009411266526340317,0.008358824199419822,0.008709349862191188,0.00917845033109188,0.008594527840614319
2025-10-20 04:00:00+00:00,0.0083520819812333,0.009444937791274926,0.008454125712189446,0.008786113216279959,0.008747239597141743,0.009111783467233181
2025-10-21 04:00:00+00:00,0.0083463988180983,0.008863307348853882,0.008462458354709587,0.00863971609513829,0.008310009725391865,0.009157105349004269
2025-10-22 04:00:00+00:00,0.0083966170351416,0.008632351109141623,0.008465509622177722,0.008574529764293083,0.008246191777288914,0.009080011397600174
2025-10-23 04:00:00+00:00,0.0084274651502674,0.008324553944523326,0.008466605487860235,0.008638039153497758,0.00860850140452385,0.009022081270813942
2025-10-24 04:00:00+00:00,0.0087071429952268,0.008243585218274287,0.008450646266042413,0.008604698506435852,0.00880155898630619,0.008801639080047607
2025-10-27 04:00:00+00:00,0.0087054778179494,0.008739509401506761,0.008523629828162715,0.008854013250657513,0.008863513357937336,0.008275792934000492
2025-10-28 04:00:00+00:00,0.0086935385783561,0.008257367727015213,0.008534023666679696,0.008757774550896956,0.008865919895470142,0.007966609671711922
2025-10-29 04:00:00+00:00,0.0090235326455541,0.007834594167989473,0.008515425400160148,0.008645714486892919,0.00896664522588253,0.007717988453805447
2025-10-30 04:00:00+00:00,0.0090322304925915,0.008366135170674336,0.009077519502273727,0.009489523333385678,0.009006665088236332,0.007444343529641628
2025-10-31 04:00:00+00:00,0.0090320090029278,0.007942280816997343,0.009077519502273727,0.008989916495131343,0.009463313035666943,0.007325965445488691
2025-11-03 05:00:00+00:00,0.0094229827903735,0.007560553091371033,0.009073839189856997,0.00949134894282305,0.00942936073988676,0.007313476409763098
2025-11-04 05:00:00+00:00,0.0094037880639751,0.008474279300948764,0.00925017954871583,0.009434235073514033,0.008988064713776112,0.007225417532026768
2025-11-05 05:00:00+00:00,0.0096618259399515,0.008069298746923798,0.009219957391254602,0.00937505272501895,0.009083230048418045,0.007272846065461636
2025-11-06 05:00:00+00:00,0.0096491510185301,0.008753340848792378,0.009512621695083686,0.009811084075314369,0.008709647692739964,0.007331147324293852
2025-11-07 05:00:00+00:00,0.0079276229528571,0.00825693132076935,0.009497265538777399,0.009729305576827357,0.008891269564628601,0.007508439477533102
2025-11-10 05:00:00+00:00,0.0073024476230282,0.009274809538865616,0.008027607278943716,0.008136283201435265,0.008589599281549454,0.007629524916410446
2025-11-11 05:00:00+00:00,0.0072742292508126,0.008718261590855463,0.007289384457565493,0.0074034665493822914,0.008000729605555534,0.00773210171610117
2025-11-12 05:00:00+00:00,0.0082488188365543,0.008226486195657069,0.007278002369144256,0.00740060249899408,0.007751744240522385,0.007751702331006527
2025-11-13 05:00:00+00:00,0.0081060103449977,0.00991450260412915,0.008390802526423992,0.008734858383958533,0.007674375083297491,0.007708861026912928
2025-11-14 05:00:00+00:00,0.0083154368741032,0.00928142446951595,0.008327419673372655,0.008480068476187132,0.008481018245220184,0.007852991111576557
2025-11-17 05:00:00+00:00,0.0081370106567633,0.009399350901978205,0.008503674606626734,0.008915785948494834,0.00875045731663704,0.00816026795655489
2025-11-18 05:00:00+00:00,0.0081970773049621,0.009381777887423828,0.008435573853337786,0.008883845795607507,0.008953101933002472,0.008577738888561726
2025-11-19 05:00:00+00:00,0.0087822556978804,0.00885627443209572,0.008468407576981656,0.008721886192078606,0.00911207776516676,0.008870512247085571
2025-11-20 05:00:00+00:00,0.0089798855517919,0.010146311346953511,0.008657110178413141,0.008950007713085838,0.008759464137256145,0.008753934875130653
2025-11-21 05:00:00+00:00,0.0094820695602932,0.00995448915265937,0.009192972473993576,0.009474752656798908,0.009443932212889194,0.0090527618303895
2025-11-24 05:00:00+00:00,0.0092897016121814,0.010560939252868006,0.00952476824115075,0.009925509513180478,0.009285805746912956,0.009116136468946934
2025-11-25 05:00:00+00:00,0.0094184205151403,0.010226366559040296,0.009253689174131158,0.009282591427714424,0.009305007755756378,0.009091151878237724
2025-11-26 05:00:00+00:00,0.009505603045052,0.009761216257779808,0.009391962256800114,0.009600804022815032,0.009484251961112022,0.009188194759190083
2025-11-28 05:00:00+00:00,0.009322484735639,0.009260497004339095,0.009419032663079871,0.009729059860978268,0.009695707820355892,0.009273882023990154
2025-12-01 05:00:00+00:00,0.0093202442432655,0.008965694280556005,0.009189018635204294,0.009499976202208701,0.009515011683106422,0.00920141488313675
2025-12-02 05:00:00+00:00,0.0093363549785571,0.00845681101278133,0.009189018635204294,0.009458143576193536,0.009714184328913689,0.009175174869596958
2025-12-03 05:00:00+00:00,0.008937630415076,0.008030475257097531,0.009153436949892619,0.009355509360716614,0.009691628627479076,0.008907780051231384
2025-12-04 05:00:00+00:00,0.0089162106907562,0.0076317529605352446,0.009015648375848971,0.00897497426435623,0.009539823047816753,0.008510036394000053
2025-12-05 05:00:00+00:00,0.0085582349509773,0.007297420860485264,0.008918484843162357,0.008857187318906177,0.00938316248357296,0.008104216307401657
2025-12-08 05:00:00+00:00,0.0085662597672307,0.007169963652098336,0.008484376788494914,0.00889041563262973,0.00910435151308775,0.007663896307349205
2025-12-09 05:00:00+00:00,0.0080287278248429,0.0069239430940499554,0.008459337710685123,0.008716542884314372,0.008898517116904259,0.0073129357770085335
2025-12-10 05:00:00+00:00,0.0080287700508898,0.00698114670416832,0.007967028261305329,0.007974510887234996,0.008582642301917076,0.006955431308597326
2025-12-11 05:00:00+00:00,0.008385057228562,0.00674631477530682,0.007910259585798421,0.00802746504529063,0.008070854470133781,0.0066835894249379635
2025-12-12 05:00:00+00:00,0.0074969567043367,0.007687378818897882,0.008354291252119074,0.008441587553191313,0.007551300805062056,0.006417201366275549
2025-12-15 05:00:00+00:00,0.0075214890983681,0.00738965019598486,0.007410251891902989,0.0074187251066313315,0.007686958182603121,0.006252931896597147
2025-12-16 05:00:00+00:00,0.0076963764792452,0.007175845252662052,0.007424950069116922,0.007484312485807786,0.007564095314592123,0.006207654718309641
2025-12-17 05:00:00+00:00,0.007598120198518,0.008168826373155825,0.007574205224515147,0.007818477721185381,0.00725360494107008,0.0061942762695252895
2025-12-18 05:00:00+00:00,0.007762706000242,0.008118419862498494,0.007504118620300684,0.007778992957094038,0.007469502743333578,0.006225185468792915
2025-12-19 05:00:00+00:00,0.0067706006473255,0.008173055480386243,0.007576325129936473,0.007809351390850714,0.006820229813456535,0.006390886846929789
2025-12-22 05:00:00+00:00,0.0065796232994732,0.007983663133141953,0.006657877407037813,0.006840407817895955,0.006234179716557264,0.006569462362676859
2025-12-23 05:00:00+00:00,0.0058568579979171,0.007693320232193496,0.006525337927156661,0.006552656830134974,0.0059858402237296104,0.006668614223599434
2025-12-24 05:00:00+00:00,0.0056133385684479,0.007384325764179586,0.005926594428953637,0.006284517322834963,0.005904602352529764,0.00668251933529973
2025-12-26 05:00:00+00:00,0.0055389938898848,0.00709095470687836,0.005855100754469465,0.006122627889681682,0.005648855585604906,0.006505458615720272
2025-12-29 05:00:00+00:00,0.0054475717563559,0.006999603043057685,0.005677983280663453,0.005729259613384759,0.005577767267823219,0.0062522138468921185
2025-12-30 05:00:00+00:00,0.0055709321616664,0.006798201037989153,0.0056230618270415545,0.005682689531891956,0.0057050921022892,0.0059883869253098965
